NaN,NaN,NaN,NaN,NaN,NaN,NaN,NaN,NaN,NaN,NaN,NaN,NaN,NaN,NaN,NaN,NaN,NaN,NaN,NaN,NaN,NaN,NaN,NaN,NaN,NaN,NaN,NaN,NaN,NaN,NaN,NaN,NaN,NaN,NaN,NaN,NaN,NaN,NaN
NaN,NaN,NaN,NaN,NaN,NaN,NaN,NaN,NaN,NaN,NaN,NaN,NaN,NaN,NaN,NaN,NaN,NaN,NaN,NaN,NaN,NaN,NaN,NaN,NaN,NaN,NaN,NaN,NaN,NaN,NaN,NaN,NaN,NaN,NaN,NaN,NaN,NaN,NaN
NaN,NaN,NaN,NaN,NaN,NaN,NaN,NaN,NaN,NaN,NaN,NaN,NaN,NaN,NaN,NaN,NaN,NaN,NaN,NaN,NaN,NaN,NaN,NaN,NaN,NaN,NaN,NaN,NaN,NaN,NaN,NaN,NaN,NaN,NaN,NaN,NaN,NaN,NaN
NaN,NaN,NaN,NaN,NaN,NaN,NaN,NaN,NaN,NaN,NaN,NaN,NaN,NaN,NaN,NaN,NaN,NaN,NaN,NaN,NaN,NaN,NaN,NaN,NaN,NaN,NaN,NaN,NaN,NaN,NaN,NaN,NaN,NaN,NaN,NaN,NaN,NaN,NaN
NaN,NaN,NaN,NaN,NaN,NaN,NaN,NaN,NaN,NaN,NaN,NaN,NaN,NaN,NaN,NaN,NaN,NaN,NaN,NaN,NaN,NaN,NaN,NaN,NaN,NaN,NaN,NaN,NaN,NaN,NaN,NaN,NaN,NaN,NaN,NaN,NaN,NaN,NaN
NaN,NaN,NaN,NaN,NaN,NaN,NaN,NaN,NaN,NaN,NaN,NaN,NaN,NaN,NaN,NaN,NaN,NaN,NaN,NaN,NaN,NaN,NaN,NaN,NaN,NaN,NaN,NaN,NaN,NaN,NaN,NaN,NaN,NaN,NaN,NaN,NaN,NaN,NaN
NaN,NaN,NaN,NaN,NaN,NaN,NaN,NaN,NaN,NaN,NaN,NaN,NaN,NaN,NaN,NaN,NaN,NaN,NaN,NaN,NaN,NaN,NaN,NaN,NaN,NaN,NaN,NaN,NaN,NaN,NaN,NaN,NaN,NaN,NaN,NaN,NaN,NaN,NaN
NaN,NaN,NaN,NaN,NaN,NaN,NaN,NaN,NaN,NaN,NaN,NaN,NaN,NaN,NaN,NaN,NaN,NaN,NaN,NaN,NaN,NaN,NaN,NaN,NaN,NaN,NaN,NaN,NaN,NaN,NaN,NaN,NaN,NaN,NaN,NaN,NaN,NaN,NaN
NaN,NaN,NaN,NaN,NaN,NaN,NaN,NaN,NaN,NaN,NaN,NaN,NaN,NaN,NaN,NaN,NaN,NaN,NaN,NaN,NaN,NaN,NaN,NaN,NaN,NaN,NaN,NaN,NaN,NaN,NaN,NaN,NaN,NaN,NaN,NaN,NaN,NaN,NaN
NaN,NaN,NaN,NaN,NaN,NaN,NaN,NaN,NaN,NaN,NaN,NaN,NaN,NaN,NaN,NaN,NaN,NaN,NaN,NaN,NaN,NaN,NaN,NaN,NaN,NaN,NaN,NaN,NaN,NaN,NaN,NaN,NaN,NaN,NaN,NaN,NaN,NaN,NaN
NaN,NaN,NaN,NaN,NaN,NaN,NaN,NaN,NaN,NaN,NaN,NaN,NaN,NaN,NaN,NaN,NaN,NaN,NaN,NaN,NaN,NaN,NaN,NaN,NaN,NaN,NaN,NaN,NaN,NaN,NaN,NaN,NaN,NaN,NaN,NaN,NaN,NaN,NaN
NaN,NaN,NaN,NaN,NaN,NaN,NaN,NaN,NaN,NaN,NaN,NaN,NaN,NaN,NaN,NaN,NaN,NaN,NaN,NaN,NaN,NaN,NaN,NaN,NaN,NaN,NaN,NaN,NaN,NaN,NaN,NaN,NaN,NaN,NaN,NaN,NaN,NaN,NaN
NaN,NaN,NaN,NaN,NaN,NaN,NaN,NaN,NaN,NaN,NaN,NaN,NaN,NaN,NaN,NaN,NaN,NaN,NaN,NaN,NaN,NaN,NaN,NaN,NaN,NaN,NaN,NaN,NaN,NaN,NaN,NaN,NaN,NaN,NaN,NaN,NaN,NaN,NaN
NaN,NaN,NaN,NaN,NaN,NaN,NaN,NaN,NaN,NaN,NaN,NaN,NaN,NaN,NaN,NaN,NaN,NaN,NaN,NaN,NaN,NaN,NaN,NaN,NaN,NaN,NaN,NaN,NaN,NaN,NaN,NaN,NaN,NaN,NaN,NaN,NaN,NaN,NaN
NaN,NaN,NaN,NaN,NaN,NaN,NaN,NaN,NaN,NaN,NaN,NaN,NaN,NaN,NaN,NaN,NaN,NaN,NaN,NaN,NaN,NaN,NaN,NaN,NaN,NaN,NaN,NaN,NaN,NaN,NaN,NaN,NaN,NaN,NaN,NaN,NaN,NaN,NaN
NaN,NaN,NaN,NaN,NaN,NaN,NaN,NaN,NaN,NaN,NaN,NaN,NaN,NaN,NaN,NaN,NaN,NaN,NaN,NaN,NaN,NaN,NaN,NaN,NaN,NaN,NaN,NaN,NaN,NaN,NaN,NaN,NaN,NaN,NaN,NaN,NaN,NaN,NaN
NaN,NaN,NaN,NaN,NaN,NaN,NaN,NaN,NaN,NaN,NaN,NaN,NaN,NaN,NaN,NaN,NaN,NaN,NaN,NaN,NaN,NaN,NaN,NaN,NaN,NaN,NaN,NaN,NaN,NaN,NaN,NaN,NaN,NaN,NaN,NaN,NaN,NaN,NaN
NaN,NaN,NaN,NaN,NaN,NaN,NaN,NaN,NaN,NaN,NaN,NaN,NaN,NaN,NaN,NaN,NaN,NaN,NaN,NaN,NaN,NaN,NaN,NaN,NaN,NaN,NaN,NaN,NaN,NaN,NaN,NaN,NaN,NaN,NaN,NaN,NaN,NaN,NaN
NaN,NaN,NaN,NaN,NaN,NaN,NaN,NaN,NaN,NaN,NaN,NaN,NaN,NaN,NaN,NaN,NaN,NaN,NaN,NaN,NaN,NaN,NaN,NaN,NaN,NaN,NaN,NaN,NaN,NaN,NaN,NaN,NaN,NaN,NaN,NaN,NaN,NaN,NaN
NaN,NaN,NaN,NaN,NaN,NaN,NaN,NaN,NaN,NaN,NaN,NaN,NaN,NaN,NaN,NaN,NaN,NaN,NaN,NaN,NaN,NaN,NaN,NaN,NaN,NaN,NaN,NaN,NaN,NaN,NaN,NaN,NaN,NaN,NaN,NaN,NaN,NaN,NaN
NaN,NaN,NaN,NaN,NaN,NaN,NaN,NaN,NaN,NaN,NaN,NaN,NaN,NaN,NaN,NaN,NaN,NaN,NaN,NaN,NaN,NaN,NaN,NaN,NaN,NaN,NaN,NaN,NaN,NaN,NaN,NaN,NaN,NaN,NaN,NaN,NaN,NaN,NaN
NaN,NaN,NaN,NaN,NaN,NaN,NaN,NaN,NaN,NaN,NaN,NaN,NaN,NaN,NaN,NaN,NaN,NaN,NaN,NaN,NaN,NaN,NaN,NaN,NaN,NaN,NaN,NaN,NaN,NaN,NaN,NaN,NaN,NaN,NaN,NaN,NaN,NaN,NaN
NaN,NaN,NaN,NaN,NaN,NaN,NaN,NaN,NaN,NaN,NaN,NaN,NaN,NaN,NaN,NaN,NaN,NaN,NaN,NaN,NaN,NaN,NaN,NaN,NaN,NaN,NaN,NaN,NaN,NaN,NaN,NaN,NaN,NaN,NaN,NaN,NaN,NaN,NaN
NaN,NaN,NaN,NaN,NaN,NaN,NaN,NaN,NaN,NaN,NaN,NaN,NaN,NaN,NaN,NaN,NaN,NaN,NaN,NaN,NaN,NaN,NaN,NaN,NaN,NaN,NaN,NaN,NaN,NaN,NaN,NaN,NaN,NaN,NaN,NaN,NaN,NaN,NaN
NaN,NaN,NaN,NaN,NaN,NaN,NaN,NaN,NaN,NaN,NaN,NaN,NaN,NaN,NaN,NaN,NaN,NaN,NaN,NaN,NaN,NaN,NaN,NaN,NaN,NaN,NaN,NaN,NaN,NaN,NaN,NaN,NaN,NaN,NaN,NaN,NaN,NaN,NaN
26.53,-7.2565,0.5776,-1.9402,0.010071,-0.42237,-0.84338,-0.90572,0.18827,-0.39178,-0.53561,-0.45827,-0.25047,-33.786,-12.976,2.6581,-0.28376,0.75892,-0.42673,-0.24167,0.51583,0.25697,-0.36194,-0.033246,0.14257,0.2078,20.81,18.222,6.3462,-0.94961,-0.071481,-0.5003,0.47128,0.24932,-0.43888,-0.14511,0.25225,0.12053,0.065235
37.995,-7.3763,0.5346,-2.0199,-0.043342,-0.52488,-1.0045,-1.192,0.085824,-0.47447,-0.72182,-0.70701,-0.26047,-45.371,-18.73,2.6782,-0.28897,0.74752,-0.48058,-0.33357,0.54516,0.35877,-0.40382,-0.11627,0.23068,0.44654,26.641,24.025,9.2206,-0.96532,-0.095805,-0.54055,0.51287,0.34617,-0.47449,-0.23752,0.31725,0.2814,0.21586
34.866,-8.408,0.75516,-2.434,0.27649,-1.0591,-0.42827,-2.632,0.58202,-1.0126,-0.33627,-1.8689,-0.29669,-43.274,-17.056,2.987,-0.23933,0.68743,-0.35238,-0.78645,0.50514,0.80973,-0.45914,-0.42818,0.019791,1.5723,26.219,23.131,8.4081,-1.1498,-0.056521,-0.73694,0.42876,0.79809,-0.48214,-0.61895,0.23947,1.0002,1.5525
30.739,-11.004,0.33027,-4.0929,1.9881,-1.5616,2.8378,3.2027,3.9064,-0.62367,1.9069,-1.3749,-1.4127,-41.743,-15.205,3.4555,0.82893,1.2656,0.42485,2.3822,0.53429,-1.9132,-0.99974,-0.37564,-1.6598,-0.037722,26.539,22.599,8.0167,-1.0949,-0.20204,0.55827,0.05472,-2.1477,-0.76701,0.76878,-0.33003,0.16896,1.6221
30.321,-12.557,0.085851,-2.3836,-0.13911,-4.6891,-0.72137,-1.614,4.0646,1.5956,1.6505,1.1387,-1.6557,-42.879,-15.118,5.0869,-0.11248,-1.1528,-0.29113,1.5376,2.393,1.6048,-1.2071,-0.22845,-1.6531,-2.7944,27.761,23.983,7.5026,-3.1198,-0.089324,1.3452,1.3421,0.033616,-1.8,-0.91662,-0.22302,-1.283,-1.1413
30.956,-11.608,2.4961,-1.1168,-0.5426,-2.784,-0.0117,0.37629,0.2954,-0.40949,-0.58608,-1.3908,-0.78939,-42.564,-14.23,5.2454,-1.5194,-0.8336,0.26545,1.5801,0.15355,-0.39289,-0.44074,-0.49066,-0.10165,0.60142,28.334,23.905,6.3553,-3.0395,0.89241,1.2069,-0.055951,-0.98652,-0.29714,-0.048884,0.16954,0.54604,0.70307
31.128,-11.619,1.1347,-2.0851,-0.52321,-2.3007,6.0942,0.56918,-3.0974,-2.7842,1.8517,-2.91,-0.94699,-42.747,-14.997,4.7671,-0.82896,-0.10782,3.3087,1.435,-4.5958,-1.6767,2.4746,-0.062901,-1.3994,1.963,27.751,23.757,7.0838,-2.4375,2.0688,0.77139,-3.9522,-1.5558,3.5352,0.80689,-1.937,1.013,3.3624
30.87,-11.13,-1.1191,-2.769,0.8989,-0.22564,4.6453,-1.791,-2.0514,-5.3643,-0.15575,-1.8079,0.67153,-42.001,-15.995,4.1808,1.009,1.2717,1.8732,-0.78267,-3.3483,-1.7866,0.94782,1.7782,0.41364,2.4794,26.006,23.091,8.5018,-1.4545,0.43211,-1.0272,-2.6108,-0.50198,2.1481,1.7824,-0.26709,0.35063,2.0658
30.753,-11.96,0.23409,-2.6065,3.582,1.041,0.17575,-1.067,0.41196,-1.5935,-1.8626,-2.422,2.0685,-42.713,-15.26,4.6766,1.674,1.8238,-1.7031,-1.054,0.1181,-0.26322,-1.1373,-0.4143,1.9655,4.4905,27.454,23.695,8.4668,-1.4264,-1.6885,-1.4389,0.91061,0.39539,-0.62769,-0.07554,1.5514,2.4524,2.525
30.612,-12.016,-0.18907,-3.4111,3.4451,2.5167,1.7192,2.6231,1.9777,1.5691,0.32512,-0.57373,0.25638,-42.628,-15.4,4.3025,1.8171,2.9639,-0.86294,0.053204,0.12924,-0.52697,-0.82627,-1.0714,-0.034371,0.83011,27.227,23.465,8.6087,-0.66933,-1.34,-1.4553,0.49609,-0.29009,-0.47776,-0.27223,0.39595,0.95077,0.86448
31.558,-11.024,0.45606,-2.8634,1.0984,-0.32398,-0.40775,-0.72899,1.68,-2.9731,-2.6463,0.49098,0.082158,-42.582,-15.551,4.0803,0.32118,1.2697,-0.75309,-0.20251,1.0439,-1.1221,-2.1632,1.732,1.3642,-0.40883,27.031,23.331,7.9362,-1.4053,-0.53714,-0.7361,0.89849,-0.45977,-1.6035,1.4271,1.7637,-1.0704,-1.773
31.444,-9.729,0.25436,-2.8357,0.34505,-0.86979,1.6917,-3.7888,-2.1769,-3.3076,-0.93733,0.95696,-1.1854,-41.173,-15.595,3.4467,0.045347,0.98293,0.67331,-1.4595,-1.9343,0.24063,0.61977,2.1323,-0.12406,-2.1424,25.578,22.31,7.8201,-1.2319,0.31398,-1.2212,-1.3038,0.85007,1.277,0.94581,-0.37191,-2.1373,-2.0184
30.829,-10.238,1.4879,-3.5604,1.0718,-1.5164,2.6195,-1.4565,-3.734,-0.43799,0.95432,-1.5878,3.6905,-41.067,-14.67,3.3388,-0.20804,1.022,0.77382,0.029939,-3.1767,0.50926,2.3442,-0.57492,1.3681,5.2783,26.396,22.203,7.2312,-1.1584,0.49093,-0.49604,-1.9753,0.23966,2.7605,-0.54209,-0.48804,2.9266,3.9102
30.591,-10.068,2.6349,-2.6585,1.2763,-0.86451,4.2594,0.23569,-1.4075,-0.62111,-1.0029,1.2769,2.2755,-40.66,-13.978,3.7049,-0.67931,0.89699,1.4916,0.5501,-2.8335,-0.4284,0.20232,0.94898,1.6392,0.9986,26.681,22.182,6.6494,-1.404,1.0854,-0.17345,-2.1625,-0.48925,1.5179,0.68869,0.71843,0.024808,-0.64058
31.372,-10.608,0.40231,0.05659,2.0745,0.91845,2.9541,-2.5774,-2.4108,-1.2632,-0.6844,0.59194,3.5608,-41.98,-15.485,5.3323,0.83608,0.43093,0.4398,-1.7479,-2.6824,0.65708,0.86318,0.92758,2.1226,2.9688,26.495,23.656,8.1605,-2.4507,-0.19814,-1.0894,-1.5611,1.2025,1.7728,0.13525,0.62971,1.0206,0.84625
32.937,-10.564,-0.22718,-0.24758,2.0895,-1.2364,1.9446,0.2906,-2.9692,-3.1472,-2.0587,-2.523,-2.1026,-43.501,-16.582,5.1581,1.1584,-0.49443,-0.072469,0.76351,-2.4569,-1.7189,0.45522,0.31206,-0.021923,0.42047,26.919,24.33,8.8702,-2.8263,-0.61541,0.62897,-1.1922,-1.2412,1.456,1.0155,-0.23857,0.054203,0.44239
31.223,-12.801,-0.51318,-3.7772,-0.6302,-3.8636,-5.4802,-1.6616,-0.85238,0.59556,2.2189,-1.9888,-2.947,-44.023,-15.868,4.5117,-0.058513,-0.043163,-2.425,1.101,2.3139,1.1286,1.5356,-1.2922,-2.583,-0.95824,28.155,24.268,7.9048,-2.2774,-1.1832,0.57208,2.3694,0.013775,-0.38913,-1.2104,-2.0593,0.16696,1.6247
31.341,-11.884,0.40308,-3.6873,-1.2678,-2.5345,1.4891,0.53785,-0.38619,0.40574,3.1868,-1.9502,-0.87154,-43.225,-15.469,4.0983,-0.83545,0.57636,1.3785,1.5362,-0.93764,-0.066052,1.7865,-1.178,-2.0292,1.0786,27.756,23.662,7.3167,-1.761,1.107,0.47992,-1.158,-0.80112,1.3621,-0.55595,-1.9078,1.1283,3.1078
31.08,-11.85,1.4414,-3.1029,0.78181,1.8156,4.04,1.2032,1.4946,2.6106,4.0986,0.79573,-1.5102,-42.93,-14.819,4.3737,-0.32979,2.4593,1.6291,-0.30618,-1.2727,0.7037,1.302,-0.90746,-2.8044,-2.3059,28.111,23.652,7.2447,-0.95724,0.97946,-1.3827,-1.4509,0.50494,1.2874,-0.80558,-2.0532,-0.69923,0.4985
31.216,-10.859,-1.055,-3.9519,1.7772,-2.7278,-1.4543,-0.1533,1.1491,1.3847,2.4672,2.7389,-1.7675,-42.074,-16.135,3.4534,1.4161,0.61209,-1.6157,1.2872,1.3017,0.76898,0.65906,0.67712,-2.1173,-4.5064,25.939,22.764,8.7757,-1.4207,-1.5159,0.33757,1.4587,-0.25913,-0.32132,-0.045929,-1.3882,-2.5918,-2.3891
32.767,-10.317,-1.1564,-3.4716,-0.45537,-5.412,-1.3787,-2.531,-3.2759,-0.77253,6.405,1.3628,0.55108,-43.085,-16.962,3.4228,0.35052,-0.97021,-0.46169,1.4405,-0.94856,0.87921,4.8404,1.0677,-2.9269,-0.81176,26.123,23.254,8.6562,-2.1965,-0.4061,1.2054,-0.24344,-0.28067,2.8945,0.094239,-3.8837,-0.93972,2.1152
31.654,-11.664,-1.1223,-5.0794,0.018522,-1.4634,-0.58128,-0.51898,-1.6869,-4.9482,-0.26223,-1.1672,4.0685,-43.318,-16.388,3.2923,0.5704,1.808,-0.2999,0.47221,-0.5528,-2.2146,0.71232,1.8905,2.1654,5.2357,26.93,23.305,8.4792,-0.74217,-0.43515,-0.66791,-0.12645,-1.3434,0.63256,2.0525,0.72653,1.6726,3.0704
30.826,-11.491,-1.216,-4.404,1.9433,-0.61395,-3.2492,-2.3842,-3.9144,-2.3233,3.1731,0.44165,2.5437,-42.317,-16.021,3.5433,1.5796,1.895,-2.5962,-0.88515,-0.33259,0.030455,3.5437,1.3825,-0.3147,2.102,26.296,22.93,8.8003,-0.82411,-2.0879,-1.3901,1.1318,0.4578,1.9382,0.67602,-1.9292,0.35976,2.4167
30.879,-12.106,0.21757,-0.52073,4.2644,0.056001,-2.7504,-3.2197,-3.0925,-0.088976,2.6239,-2.8228,0.57717,-42.985,-15.331,5.7924,2.0234,0.28837,-3.5074,-1.6378,-0.17109,1.5654,2.8582,-1.3669,-1.0234,3.4,27.654,24.389,8.6771,-2.752,-2.7654,-0.9631,1.6682,1.6016,1.5147,-1.4661,-1.9408,2.3834,4.4233
30.889,-13.274,-1.9837,-1.9489,2.7218,0.55118,-1.8131,-1.0779,-0.64076,4.4606,4.0191,0.28255,-1.4662,-44.163,-16.436,5.6624,2.3528,1.25,-2.2674,-0.81454,0.58615,2.7693,2.3299,-2.089,-2.7427,-1.7488,27.726,24.913,9.3946,-2.2062,-2.3101,-1.0323,1.4268,1.7919,0.87189,-2.4292,-2.5363,0.17013,0.99388
32.856,-11.55,-1.4758,-2.4646,2.3636,3.4056,2.8861,0.15741,-2.5605,0.29103,3.8782,-1.292,-1.9922,-44.405,-17.166,4.5427,1.9197,2.9351,0.26126,-1.6241,-2.7233,0.066809,3.2194,-0.7915,-2.9352,-0.70022,27.24,24.474,9.5427,-0.80378,-0.82922,-2.2796,-1.4923,0.84545,2.9713,-0.42915,-3.0773,0.045638,2.235
32.474,-10.803,-0.12792,-4.6706,0.56277,0.4891,-1.821,-3.175,-0.6091,-1.5535,0.22594,2.4594,3.0285,-43.277,-16.301,3.0663,0.34534,2.5799,-1.1919,-1.832,0.60597,0.81077,0.41752,2.0064,1.4013,0.56917,26.976,23.172,8.3232,-0.2432,-0.76862,-2.206,0.89894,1.3214,-0.094223,0.59782,0.49189,-0.71862,-0.83212
31.745,-11.503,-0.92208,-3.8012,-0.14381,-4.5521,-1.5034,0.3176,-2.3651,-1.0195,0.99843,-0.42843,3.6564,-43.248,-16.333,3.851,0.38914,-0.37546,-0.67979,2.4349,-0.43088,-0.66857,1.6818,0.29556,1.329,4.0848,26.914,23.549,8.3613,-2.1132,-0.53446,1.4052,0.12445,-1.5517,1.0563,0.48206,-0.1764,1.8946,2.7558
32.282,-13.014,-2.5664,-3.4929,-1.1953,-5.306,-1.8705,0.49306,-4.8661,0.42041,1.5466,0.66451,0.23446,-45.295,-17.424,4.7605,0.68557,-0.90654,-0.33762,2.8995,-1.4978,-0.036328,3.2063,0.12205,-0.65605,-0.43005,27.871,25.028,9.0548,-2.8335,-0.5116,1.903,-0.58009,-1.4679,2.3521,0.079189,-1.9312,-0.27605,0.226
33.175,-13.323,-2.9205,-0.8123,1.025,-2.4161,2.383,-1.5765,-2.6305,4.0448,6.5357,2.2578,0.98398,-46.498,-18.048,6.2554,1.9727,-0.8019,0.67902,0.41981,-2.5067,2.8107,4.5831,-0.89352,-2.7759,-1.2738,28.45,26.377,10.01,-3.5286,-0.64686,0.61085,-1.5929,1.1954,3.5449,-1.8521,-3.6795,-0.19015,1.502
32.253,-11.427,0.020785,-1.0566,2.6654,-1.0859,1.1802,-3.7065,-4.3499,0.79144,3.7355,4.5804,4.2097,-43.68,-16.116,5.1852,1.3223,-0.014643,-0.74259,-1.3103,-2.765,2.249,4.0427,1.8945,0.23712,-0.3707,27.564,24.432,8.7191,-2.5999,-1.0324,-0.64784,-1.0112,1.7796,3.4039,-0.17725,-1.9028,-1.1326,-0.60782
31.262,-11.522,1.6027,0.53976,3.3482,-0.29284,-1.1219,0.079962,-0.85945,-4.24,1.117,-1.74,1.4345,-42.784,-14.83,6.0308,0.87274,-0.4163,-2.2351,0.1864,0.13123,-2.16,0.9882,1.25,0.15878,3.1745,27.954,24.407,7.8511,-3.2236,-1.5539,0.30135,1.1831,-1.1732,0.42849,1.705,-0.41471,0.96227,3.0157
31.241,-12.91,-0.28287,-0.090878,2.9225,1.3206,5.1752,2.428,-0.97517,-2.089,-0.62607,-3.3571,0.34786,-44.15,-15.762,6.4094,1.6027,0.70575,1.1264,0.55367,-3.0752,-2.2585,0.17455,-0.63406,0.48696,3.705,28.388,25.28,8.6822,-2.8518,-0.23814,-0.076039,-2.1008,-1.4061,1.6249,0.81221,0.1562,2.1695,3.218
31.899,-12.931,-0.51787,1.1681,0.64434,-3.3748,3.1743,2.1202,-6.4554,-2.9076,0.72261,-4.8019,2.001,-44.83,-16.208,7.0496,0.5811,-2.2714,1.265,2.7475,-4.8149,-2.5139,3.589,-0.94717,0.63919,6.8029,28.622,25.94,8.3947,-4.6605,0.34194,2.5095,-3.0399,-2.6307,4.2019,0.78337,-1.4749,3.875,6.1637
32.485,-13.718,0.03817,-0.65335,2.8923,1.9664,-0.4146,2.1662,-3.3966,-2.8911,-1.0316,3.0252,4.0205,-46.203,-16.223,6.5322,1.4271,1.3099,-1.6534,0.099878,-1.491,-2.5286,1.1825,2.9581,2.526,0.9953,29.979,26.367,8.8252,-2.6112,-1.5402,-0.605,0.081224,-1.3143,1.3367,2.7434,0.67179,-0.98142,-1.5307
37.964,-13.845,-4.1287,-4.1802,3.1149,7.8491,0.11911,4.2641,-3.8312,-8.1605,-1.914,3.9806,-0.01022,-51.809,-21.046,4.8326,3.6218,6.0147,-1.4979,-1.7925,-1.9751,-6.2123,0.95858,6.0705,0.9519,-3.9909,30.763,28.321,12.334,0.59105,-2.5599,-3.9036,-0.23861,-2.2099,1.4669,6.1414,-0.0033399,-5.0307,-4.9428
36.545,-11.785,-3.1004,-6.0554,-0.43853,2.2313,-1.1128,3.4441,-4.8531,-3.7398,-1.6099,1.502,-2.9,-48.33,-19.823,2.8647,1.3309,4.1434,-0.33713,0.6064,-1.8702,-3.592,1.6216,2.6209,-0.64504,-4.402,28.507,25.597,10.577,0.63936,-0.83403,-1.7685,-0.76652,-2.0992,1.7459,3.1064,-1.1333,-3.5115,-3.757
33.036,-12.874,-2.7813,-4.6357,0.055206,2.9397,-0.13964,1.403,-6.4501,0.1168,-0.7179,-1.9165,-1.2952,-45.91,-17.909,4.1192,1.4182,3.7877,-0.097423,-0.76835,-3.1552,-0.64311,2.8661,-1.0166,-0.28864,0.62129,28.002,25.015,9.6635,-0.16575,-0.75784,-2.278,-1.5289,0.062624,3.0107,-0.18676,-1.5774,0.81896,0.90993
32.447,-12.531,-2.9578,-4.8029,-0.95093,3.075,4.8852,2.4936,-3.4016,-0.66839,0.20725,-1.9266,-4.2731,-44.978,-17.702,3.8638,1.0034,3.939,2.9181,-0.29072,-4.1434,-1.581,1.8044,-0.62912,-2.2402,-2.3465,27.275,24.421,9.3529,0.037582,0.95732,-2.1149,-3.5307,-0.64514,2.9739,0.47594,-2.0223,-0.85869,-0.10631
32.325,-11.197,-0.066674,-1.5467,0.79677,-1.2457,-0.83412,-1.1514,0.87263,4.1083,0.051322,-1.0314,0.76358,-43.523,-16.196,4.8253,0.43172,0.15049,-0.81545,0.047161,0.85338,2.6298,-0.41065,-2.5698,0.35613,1.795,27.327,24.174,8.3138,-2.3374,-0.62359,-0.051663,0.83441,1.2913,-0.63201,-2.5998,0.38339,2.1824,1.4389
31.318,-12.024,-0.10168,-3.326,2.6665,0.35437,2.775,1.6243,1.1356,1.3748,-0.28245,4.4942,2.4541,-43.342,-15.71,4.3493,1.3841,1.8402,0.054279,0.63497,-0.8197,-0.12476,-0.70903,1.5597,1.3683,-2.0401,27.633,23.846,8.5469,-1.2545,-0.66489,-0.6026,-0.43699,-0.37986,0.055334,0.84223,1.0387,-1.7999,-3.4084
32.553,-13.412,-3.915,-2.3191,4.3426,-4.8657,-7.475,6.0668,5.0974,-1.7302,1.6836,5.8753,3.8857,-45.965,-18.234,5.5464,4.1288,-1.2733,-5.9088,5.4663,6.2862,-3.8985,-1.7069,3.8028,1.101,-1.9896,27.731,25.756,11.181,-3.4098,-5.0188,3.3698,6.0975,-4.6824,-3.9965,3.8507,1.404,-2.8962,-3.0906
34.499,-14.653,-6.853,-2.0119,6.8193,-2.0508,-16.874,10.723,11.547,-8.7719,0.1368,3.9541,13.492,-49.152,-20.676,6.3205,6.8361,-0.019493,-11.846,6.387,14.211,-9.7475,-5.7053,6.363,6.6776,9.5379,28.476,27.736,13.756,-3.17,-9.3413,3.2032,13.028,-8.0672,-9.9579,8.0552,6.1915,1.5875,2.8603
37.949,-15.147,-8.4637,-0.9611,10.68,-1.6864,-21.906,11.715,7.5728,-9.2062,-1.8201,-3.1593,9.2749,-53.096,-23.206,7.093,9.5719,-0.36266,-16.293,6.7008,14.739,-10.461,-4.6965,3.0234,5.5475,12.434,29.89,30.095,16.389,-3.7278,-12.932,3.5317,15.516,-8.5807,-9.7179,6.742,5.122,4.7054,6.8867
40.651,-17.144,-8.1173,1.3859,11.48,-1.9369,-24.325,16.266,4.8603,-11.623,2.0548,0.24036,6.0198,-57.795,-24.384,9.2648,9.7987,-1.6614,-17.903,9.1014,14.593,-13.945,-1.4028,5.9319,1.9825,5.7795,33.411,33.53,17.092,-5.4631,-13.851,5.3814,16.248,-11.523,-7.9978,9.9383,1.6926,-0.076224,3.7969
40.362,-19.347,-8.0069,1.7855,14.024,-4.099,-23.672,22.056,3.3903,-13.106,1.8939,2.304,12.327,-59.709,-24.184,10.566,11.016,-2.9423,-18.848,13.078,13.531,-17.581,-0.74817,7.705,5.2167,10.023,35.524,35.137,17.6,-6.7542,-14.932,8.0099,16.19,-15.329,-7.1398,12.643,2.9824,1.1592,4.8066
39.984,-19.425,-7.2025,-0.56939,14.628,-4.6036,-26.812,23.752,6.8619,-14.756,1.5755,-1.3387,11.711,-59.41,-23.593,9.428,10.915,-2.0171,-20.72,14.178,16.837,-19.254,-2.6432,6.7088,5.0679,13.05,35.816,34.419,17.254,-5.7226,-15.817,8.0975,18.778,-16.716,-9.74,12.981,3.8556,3.1706,7.9821
39.647,-18.151,-8.5575,-1.3026,14.779,-4.5586,-29.378,24.549,8.3271,-15.755,2.2471,-3.7236,13.302,-57.798,-24.102,8.4244,11.668,-1.628,-22.078,14.554,18.853,-20.152,-3.04,6.0159,5.5277,17.026,33.696,33.111,17.885,-5.0262,-16.873,8.091,20.465,-17.353,-10.946,13.084,4.2838,5.505,11.498
38.386,-18.117,-8.76,0.94517,14.555,-2.772,-27.427,22.992,3.82,-17.843,3.8716,-3.4721,12.12,-56.503,-23.573,9.531,11.657,-1.8586,-20.991,12.882,15.623,-20.418,0.025793,7.1853,4.1245,15.593,32.93,33.017,17.615,-5.6948,-16.324,7.3704,18.307,-16.65,-7.7987,13.801,2.0493,4.2036,11.468
36.002,-16.062,-9.2372,-0.9605,14.406,1.6768,-21.691,16.917,12.537,-16.176,0.59519,-4.3967,11.723,-52.064,-22.619,7.5509,11.821,1.3186,-18.049,7.6201,17.114,-16.546,-5.9707,5.8896,5.5638,16.12,29.445,29.807,17.22,-3.1161,-14.935,3.1507,17.581,-12.083,-11.542,11.218,5.7672,5.115,10.556
33.212,-13.601,-7.9475,-0.9011,8.8682,0.39644,-15.281,6.6281,8.624,-11.44,-0.36934,0.34168,10.893,-46.813,-20.58,6.35,8.4079,0.64877,-12.074,3.1158,11.952,-9.034,-4.4967,5.8908,5.631,10.551,26.233,26.581,14.494,-2.8506,-10.241,1.2335,12.013,-6.0749,-8.2245,7.4624,5.0638,2.3301,4.92
31.608,-10.936,-1.3245,0.23257,4.1678,-4.5083,-3.4669,0.15486,-0.29646,-3.8015,1.135,2.9486,2.9912,-42.544,-16.466,5.5844,2.7462,-2.3704,-3.8173,2.3316,1.5852,-1.9782,0.71573,3.375,0.92809,0.042616,26.078,24.064,9.6062,-3.9774,-3.2817,2.351,2.7013,-2.1549,-0.43474,2.6766,0.10618,-1.6662,-0.88547
30.949,-11.708,-1.062,-1.2016,3.5057,-1.5362,1.2585,1.4716,0.7824,0.2364,1.8997,0.49448,3.4416,-42.656,-16.005,5.2531,2.2839,-0.16728,-1.1236,1.5039,-0.23803,-0.61759,0.55863,0.12904,0.77098,2.9472,26.651,23.955,9.1446,-2.7102,-1.7038,0.83558,0.4428,-1.0607,0.39833,0.37331,0.10617,1.4091,2.1762
31.377,-11.073,0.83284,-3.6116,1.4424,-2.1693,0.72287,-0.5919,-2.979,-0.14283,2.3619,3.3715,-1.2845,-42.45,-15.272,3.7307,0.30477,0.72115,-0.35975,0.78871,-1.8509,0.22453,2.6705,1.7571,-1.8232,-4.656,27.178,23.09,7.7884,-1.5048,-0.33226,0.033781,-0.74559,-0.28209,2.2607,0.76631,-2.2468,-3.2066,-2.8328
32.599,-12.097,2.9905,-1.0441,1.3159,2.3212,-0.013518,-3.7799,-0.63377,-4.1628,4.4332,5.9872,2.1905,-44.695,-14.804,5.5262,-0.83732,1.6827,-0.6647,-3.0506,-0.31012,-0.19141,2.5335,5.075,-1.1214,-3.7967,29.891,25.111,6.9834,-1.9218,0.086309,-2.3666,0.17729,1.4296,1.4218,2.6332,-1.8274,-4.4358,-2.6753
31.952,-11.411,0.51264,-2.7702,1.6423,2.656,-0.59787,-3.9846,-1.3548,-1.9231,6.1887,6.9057,1.6402,-43.363,-15.72,4.3204,0.56483,2.7131,-1.1201,-3.3203,-0.37845,1.0307,3.7717,4.4144,-2.2743,-5.2655,27.643,23.842,8.1423,-0.80365,-0.84246,-3.0167,0.37082,2.1755,2.0751,1.6918,-3.023,-4.84,-2.9912
31.541,-11.32,-1.0491,-2.9378,-2.0427,-0.94278,-0.39817,-3.184,-0.7968,-4.3643,1.174,0.29002,0.45432,-42.861,-16.295,4.191,-0.49682,0.99749,0.82227,-1.1206,-0.19931,-0.59013,0.9854,2.3271,-0.35984,0.1643,26.566,23.526,7.8992,-1.5968,0.65954,-1.0591,-0.51079,0.26525,0.59236,1.4586,-0.67262,-1.0814,0.52414
30.933,-11.11,-0.64297,-2.0583,0.3981,-2.9367,1.4241,1.7071,-0.16637,-2.9734,1.8699,0.95307,-2.6658,-42.043,-15.788,4.5259,0.52053,-0.43918,0.51298,2.3219,-0.79521,-2.3402,1.0181,1.9632,-2.2678,-3.6189,26.255,23.285,8.1543,-2.4825,-0.0037747,1.3805,-0.6541,-2.331,0.90666,2.1517,-1.643,-2.791,-1.351
30.656,-11.342,-0.93622,-3.3925,0.51938,-3.3067,-0.25492,-2.0176,-4.43,-3.136,-0.91951,1.3499,-2.087,-41.998,-15.796,3.9748,0.7278,0.042937,-0.38715,0.64451,-2.0875,-0.5592,1.7552,2.243,-0.58376,-3.437,26.202,22.986,8.2618,-1.9659,-0.55748,0.30079,-0.85019,-0.60185,1.9214,1.4011,-1.1695,-2.84,-2.8532
32.723,-12.732,0.6782,0.04141,0.031104,2.677,0.25723,-1.6416,-8.3907,-1.0315,0.39357,-2.6777,-0.12254,-45.454,-16.022,6.3866,-0.32355,1.3178,0.11306,-2.1593,-4.324,0.30506,4.3921,-0.82312,-0.25805,2.5552,29.432,25.92,7.8493,-2.5344,0.21831,-1.7385,-2.2185,1.2322,4.358,-0.56409,-2.3251,1.6891,2.8132
33.072,-11.883,1.6097,-0.57516,-2.0464,-1.3986,-1.4403,1.5479,-4.4104,1.852,1.4279,-2.9964,-0.44097,-44.955,-15.731,5.6539,-1.8281,-0.41173,0.30306,1.4733,-1.4851,0.15205,2.9191,-2.4242,-0.93446,2.5554,29.224,25.305,6.9516,-3.0328,1.0656,0.9425,-0.89406,-0.66061,2.2021,-1.2881,-1.9268,2.4898,3.4899
30.671,-11.756,-1.0653,-4.329,2.372,4.4119,1.29,-0.57699,0.95924,-3.0483,-1.8627,-0.60373,-2.4931,-42.426,-15.868,3.7134,1.7186,4.3705,-0.541,-2.4945,-0.16536,-1.2357,-1.411,1.2223,-0.31521,-1.8894,26.558,23.07,8.7933,0.32853,-1.1298,-3.4325,0.18782,0.6294,-0.62281,1.229,0.54789,-1.5558,-1.5742
35.146,-7.9678,-1.9366,-3.6686,1.5628,-0.014073,-3.9043,-3.3867,-0.12782,1.0131,1.6872,-3.7678,-1.386,-43.114,-18.541,2.1496,1.7497,1.8273,-2.7335,-1.6863,1.8882,2.1999,0.90751,-2.3904,-1.5366,2.3818,24.572,22.632,10.145,-0.16116,-2.2416,-1.7568,2.3109,1.9431,-0.49036,-2.2952,-1.2221,2.3861,3.9184
38.755,-7.144,-2.0753,-2.5415,1.2557,1.4548,-4.6475,-1.7935,-2.8925,4.5334,0.70671,-4.9761,0.60257,-45.899,-20.415,2.3013,1.6655,1.9981,-2.9516,-1.6242,0.8775,3.1635,1.7996,-4.7548,-0.05207,5.5787,25.484,24.1,11.04,-0.15156,-2.3086,-1.8111,1.9145,2.3938,0.46105,-3.9591,-0.92584,5.1667,5.6308
32.93,-9.998,-1.7505,-3.9665,2.4085,0.48611,-0.63286,0.24281,3.484,1.4881,-2.1881,-2.4534,-0.46257,-42.928,-17.34,3.0158,2.0795,2.2263,-1.5207,-0.12165,2.0584,0.62267,-2.836,-1.9708,0.86274,1.9909,25.588,22.972,9.7099,-0.39472,-1.8001,-1.174,1.7896,0.37216,-2.4472,-1.2967,1.8494,1.9808,1.1281
31.182,-11.186,0.10299,-4.2456,2.2309,1.6739,2.641,0.79863,0.25473,-0.99426,-3.1657,-3.7626,-0.31056,-42.368,-15.54,3.4701,1.0639,2.9598,0.20505,-0.43763,-1.1931,-0.89645,-1.7102,-1.3842,1.4276,3.4521,26.828,22.919,8.3018,-0.25519,-0.42944,-1.6987,-0.69909,-0.22941,-0.25855,-0.24387,1.5689,2.4181,2.0245
30.585,-12.127,-1.1571,-6.061,-2.8681,-1.5362,4.6915,-0.29171,1.6389,5.1331,0.46612,-2.5772,-0.17741,-42.712,-15.871,3.033,-0.85553,2.2624,3.7798,0.62225,-1.5263,2.7124,-0.5864,-3.8552,-0.32176,2.3998,26.841,22.872,7.5077,-0.38529,2.3177,-0.82006,-2.6531,1.0451,0.46995,-3.2838,0.13232,3.1275,2.7216
29.978,-12.311,-1.4051,-4.9246,-1.1861,-2.1255,2.5254,0.44121,1.5904,3.2429,-0.51554,-1.3413,0.97408,-42.29,-15.692,3.6934,0.10949,1.3995,1.8558,1.2834,-0.46751,1.4009,-1.0529,-2.2921,0.74481,2.3154,26.598,22.992,7.9006,-1.1469,0.87313,-0.058088,-1.1616,0.058749,-0.29272,-1.8465,0.89888,2.3037,1.5705
30.387,-12.389,-0.83727,-4.0996,0.042876,-4.6337,-2.0212,1.524,-0.054029,0.19538,0.6927,2.9967,5.7442,-42.776,-15.612,4.1446,0.44007,-0.26706,-1.0321,3.0789,0.9836,-0.66431,0.37336,1.4006,2.5258,2.7475,27.164,23.46,8.0262,-2.2058,-0.73606,1.673,1.0078,-1.8716,-0.30512,1.0325,1.0762,0.67344,0.22178
30.694,-11.85,-0.49368,-2.2875,-1.8588,-2.0824,-1.7936,0.32695,3.5724,-0.50549,-0.74364,3.8924,2.6045,-42.544,-15.594,4.7812,-0.68257,0.10253,0.032615,1.2047,2.683,-0.41622,-2.158,2.1989,1.6741,-1.2879,26.95,23.663,7.4556,-2.3393,0.35759,0.55107,1.3252,-0.81045,-2.4205,1.3076,1.916,-1.7434,-2.9619
31.338,-10.023,2.6058,-2.0262,-0.36564,-0.59891,1.8734,-0.37475,-2.5852,-0.37259,0.54187,3.4127,1.0326,-41.36,-14.366,3.9981,-1.4857,0.71367,1.1195,0.11208,-2.2293,0.0010772,1.5635,1.8926,0.24537,-2.3801,26.994,22.679,6.4401,-1.6422,1.3026,-0.30079,-1.6744,-0.055501,1.8964,0.94578,-0.65908,-2.1364,-2.6254
31.311,-11.059,0.6767,-1.7663,1.7629,-2.025,-0.79868,0.76677,-0.7871,-0.79408,-0.63219,-0.42382,3.5132,-42.369,-15.317,4.6461,0.54312,-0.12934,-1.2808,1.3959,0.0057871,-0.78043,0.077458,0.18513,2.0727,3.937,27.052,23.508,7.93,-2.3877,-0.91196,0.76261,0.6433,-1.0881,0.035836,0.48278,0.99762,1.8759,1.8643
30.763,-12.374,-0.6083,-2.6354,1.6529,-0.31495,1.1262,-0.50831,0.32344,-1.5135,2.7301,1.3577,1.7351,-43.137,-15.686,4.8693,1.1306,1.1602,-0.26332,-0.096683,-0.4014,-0.5026,1.2033,1.4356,-0.49748,0.37738,27.451,24.003,8.4081,-1.8545,-0.69695,-0.62845,-0.069038,-0.20296,0.80236,0.96911,-0.8504,-0.52912,0.87486
31.217,-11.982,1.5621,-0.75668,1.297,-3.2144,-5.3884,-1.4951,2.2902,-1.2251,-2.7512,-0.26168,-0.82505,-43.199,-14.828,5.6125,-0.13253,-1.2288,-3.3427,0.85964,3.8393,0.135,-2.5207,0.4817,0.96307,-0.56336,28.371,24.406,7.3476,-3.4207,-1.6051,1.0442,3.591,-0.36232,-3.18,0.17335,1.7419,-0.52253,-1.5264
31.178,-11.182,1.0942,-2.3568,-1.5357,-2.7477,-0.81201,-1.7004,-1.2063,0.86312,0.84764,0.29445,-2.9084,-42.36,-15.042,4.4127,-1.3149,-0.19543,0.36183,0.52363,-0.19712,1.2818,1.027,-0.28433,-1.878,-3.2028,27.318,23.386,6.8634,-2.3041,0.83839,0.35953,-0.27948,0.37907,0.61204,-0.78305,-1.4525,-1.4592,-1.3248
31.223,-10.033,1.7463,-2.1488,-2.9044,-2.735,1.7892,0.061501,0.67585,-0.38948,-3.2729,-3.3416,0.77765,-41.256,-14.738,3.942,-2.3253,-0.29308,2.3468,1.3982,-0.5567,-0.22549,-1.9744,-1.476,2.0253,4.1192,26.517,22.599,6.2065,-2.1175,2.3361,0.84566,-1.4517,-0.81187,-0.70883,-0.62527,1.9998,2.7976,2.0939
30.759,-10.225,1.8143,-1.6482,0.9814,-1.6326,6.1186,2.0803,0.30425,-1.0741,-3.2746,-4.6888,-0.29788,-40.984,-14.472,4.2883,-0.41646,0.0077613,2.5686,1.8565,-2.9072,-1.5772,-1.7894,-1.8073,1.4883,4.3909,26.511,22.636,7.028,-2.1403,1.4925,0.92435,-2.7379,-1.7168,0.55889,-0.11507,1.6389,3.0991,2.9026
30.864,-11.389,0.99079,-1.5816,0.80535,1.3155,2.87,2.1597,-1.6606,-3.5227,-3.2538,-4.8014,-1.6758,-42.253,-14.936,4.9037,-0.092722,1.4485,1.0323,0.42212,-2.2653,-2.8412,-0.79662,-0.63935,0.78903,3.1257,27.316,23.578,7.4219,-1.7276,0.56253,-0.51321,-1.6488,-1.6317,0.73435,1.1009,0.79283,1.8825,2.3366
31.03,-11.915,-0.53987,-0.67894,0.91234,-0.56452,2.1224,0.60729,-1.3487,0.087975,4.5353,-2.0812,-5.6807,-42.945,-15.785,5.6179,0.72611,0.057212,0.60505,0.5859,-1.7356,-0.25966,2.942,-1.0846,-5.108,-3.5995,27.16,24.282,8.2556,-2.7803,-0.060529,0.26435,-1.1703,-0.42278,2.3388,-0.41247,-4.025,-1.2574,1.5086
30.188,-13.325,-2.1992,-4.1701,-0.91258,-0.98338,3.0974,-0.81079,-1.3412,2.413,-0.26274,-1.6736,-2.3948,-43.513,-16.193,4.5773,0.6433,1.5934,2.005,0.086297,-2.2193,1.6119,0.53921,-2.0433,-1.066,-0.72128,27.319,24.045,8.4184,-1.492,0.68084,-0.75354,-2.1121,0.76281,1.3792,-1.8276,-0.80262,0.66101,0.34477
30.411,-13.42,-1.5802,-4.9526,-0.0060199,0.38179,3.9341,-2.0294,-1.5894,-0.79187,0.3678,0.25564,1.6067,-43.831,-15.996,4.2338,0.78708,2.6672,1.9701,-1.2056,-2.7617,0.61877,0.9786,0.52375,0.61944,1.351,27.836,24.032,8.3914,-0.78329,0.59149,-1.9364,-2.3659,0.91219,1.8702,-0.04751,-0.17958,0.41365,0.7316
30.778,-12.406,-0.022837,-2.7216,0.15178,-0.094544,0.8487,-2.8925,-4.5547,0.10206,3.1839,-2.1193,-1.6181,-43.184,-15.401,4.842,0.087308,1.3135,0.34846,-1.399,-2.7017,1.4973,3.8693,-1.1107,-2.401,0.50122,27.783,24.013,7.7439,-1.7643,0.13058,-1.3562,-1.5251,1.4481,3.2855,-1.304,-3.1351,0.80594,2.9022
30.917,-10.493,1.2462,-3.173,-0.15061,0.097763,3.0939,-0.73164,-1.476,-0.080784,4.0186,-1.0044,-0.66811,-41.41,-14.836,3.6599,-0.69839,1.6354,1.6223,-0.4147,-2.285,0.32543,2.7473,-0.4618,-2.3434,0.33629,26.575,22.535,7.0686,-1.0122,1.1603,-1.0251,-1.9536,0.37007,2.5161,-0.39362,-2.5453,0.39904,2.6796
30.479,-12.048,-0.12844,-1.3373,-0.29048,-3.2229,1.9919,-2.7575,2.2045,1.1413,2.281,2.2437,-1.3063,-42.527,-15.304,5.3551,-0.081023,-0.94281,1.1412,0.23269,0.10631,1.9494,0.038218,0.55121,-1.7936,-3.55,27.223,23.941,7.6114,-3.149,0.61111,0.58775,-0.51744,0.85836,-0.034048,-0.6991,-0.91593,-2.0506,-1.7564
31.063,-11.742,-0.90973,-3.6406,-2.0924,-1.0186,-0.12618,0.78833,1.3575,0.67893,2.1441,1.1771,1.2846,-42.805,-15.986,4.0507,-0.59131,1.311,0.98309,0.90348,0.74184,-0.054703,0.39329,0.2491,-0.42975,0.10745,26.818,23.428,7.6974,-1.3699,0.7872,-0.20375,-0.12062,-0.47909,-0.17428,0.1519,-0.41152,-0.070825,0.5372
30.778,-12.428,-0.67627,-4.3084,-1.455,-1.2307,2.3535,0.48679,1.0912,-4.4039,0.28118,2.0949,2.9289,-43.205,-15.727,4.0596,-0.38936,1.5388,1.9043,0.85874,-0.63119,-2.4453,-0.40499,3.2494,1.3239,0.834,27.478,23.632,7.6688,-1.2604,1.1468,-0.34005,-1.2677,-1.652,0.1131,2.8474,0.86443,-1.2077,-0.48986
31.036,-11.537,-0.075333,-4.0359,0.74961,-1.199,-0.63232,0.94222,-0.11513,-1.4799,-3.686,-2.3352,-1.7513,-42.573,-15.556,3.7503,0.41247,1.4185,-0.69097,1.0706,0.2586,-1.2111,-1.7854,-0.42765,0.96733,0.58394,27.017,23.162,7.9841,-1.1659,-0.55172,-0.17394,0.47478,-1.1408,-1.022,0.39171,1.3764,0.5058,-0.3834
31.78,-10.3,0.11793,-3.6065,-0.19049,-1.1527,-0.1578,-2.7328,1.2065,3.2014,0.29294,-1.1353,-0.72122,-42.08,-15.831,3.3469,-0.15421,1.2269,0.016345,-0.79001,0.68213,2.9671,-0.45676,-2.1683,-0.50708,0.41406,26.249,22.714,7.8385,-1.06,0.085276,-1.0084,0.33289,1.8785,-0.56944,-2.5677,-0.025162,1.2912,0.92114
30.815,-10.906,-0.71919,-4.7518,-1.0775,-1.3139,0.43878,-6.316,-5.4079,-0.32294,-1.6298,-1.152,3.2898,-41.72,-15.767,3.0769,-0.17915,1.7189,0.75813,-2.501,-2.9233,2.9965,1.889,-0.41453,2.4598,4.4418,25.953,22.399,7.7939,-0.67901,0.46864,-2.11,-1.8407,2.7488,2.4062,-1.7055,0.28542,2.4282,1.982
32.289,-10.764,-0.68106,-1.8317,1.0431,-1.7773,-0.67774,-3.4151,-1.0413,1.2711,0.83278,-1.3719,2.3369,-43.053,-16.485,4.4659,0.86209,0.0272,-0.86043,-0.81889,-0.18175,2.3431,0.93702,-1.3215,0.75206,3.7088,26.568,23.759,8.6735,-2.2194,-0.86126,-0.42305,0.33934,1.581,0.55939,-1.8323,-0.09248,2.5151,2.9567
33.533,-8.9061,0.30111,-4.0235,2.9371,-0.043204,-1.887,-2.6181,1.465,4.3197,4.0209,-1.1105,3.7913,-42.439,-16.616,2.4413,1.318,1.9901,-2.412,-1.2874,1.676,3.4689,1.2779,-2.7151,-0.11482,4.9018,25.823,22.44,8.9669,-0.2256,-1.865,-1.6388,2.044,2.3782,-0.19904,-3.092,-0.69639,3.8085,5.0166
30.857,-10.598,-0.71131,-5.1765,2.1321,-1.4932,-0.20098,-1.8055,-3.1322,1.0366,2.3713,2.2336,4.6779,-41.455,-15.784,2.7108,1.4217,1.8417,-1.1665,-0.15618,-1.4656,1.421,2.7517,0.59854,1.1533,2.4443,25.671,22.083,8.6029,-0.43457,-1.2941,-0.99892,-0.14953,0.78861,2.1087,-0.41125,-0.79922,0.92287,1.291
32.456,-11.1,-0.13379,-1.8601,1.1051,1.6269,1.9097,-2.7066,-6.3587,0.60605,1.3546,-2.7353,2.432,-43.556,-16.295,4.6199,0.61943,1.7435,0.40231,-2.1668,-4.1342,1.6563,3.8566,-1.6707,0.53872,5.1673,27.261,24.088,8.4572,-1.4382,-0.10856,-1.9551,-2.2683,1.9115,3.9954,-1.6635,-1.659,3.419,4.6286
31.305,-11.563,0.614,-2.1164,2.0331,1.7352,1.5456,-4.4713,-5.1341,1.979,1.6469,-2.2667,3.3339,-42.868,-15.346,4.7233,0.70955,1.9258,-0.24373,-3.1032,-3.3399,3.2251,3.3905,-2.1229,0.84348,5.6006,27.523,23.796,8.0276,-1.3988,-0.47664,-2.5145,-1.5481,3.1642,3.3652,-2.674,-1.2735,3.8617,4.7571
31.36,-11.328,0.25653,-2.6744,1.4435,-0.081302,0.37315,-6.2637,-2.0989,2.2709,4.6133,0.19609,-2.4705,-42.689,-15.552,4.3268,0.59348,1.2966,-0.53517,-3.0912,-1.236,4.2673,3.3561,-1.0374,-3.5419,-2.6666,27.137,23.508,8.0727,-1.5151,-0.56433,-2.1939,-0.35043,3.6793,2.2961,-2.6524,-3.449,-0.81459,0.8753
31.202,-11.43,0.36196,-4.027,-1.8892,-1.7373,2.1658,1.4178,5.1813,4.1488,1.7702,0.15888,-1.2026,-42.632,-15.42,3.7013,-1.1256,1.1449,2.0275,1.5775,1.5077,1.3655,-1.7055,-1.9949,-1.4864,-1.3615,27.212,23.167,7.1473,-1.2782,1.5766,0.21633,-0.25992,-0.10604,-1.6066,-1.6802,0.10957,0.31672,0.12489
31.264,-11.321,-2.2652,-3.8997,-2.2204,-1.9776,1.8759,-0.38106,0.11646,1.5674,-1.5934,1.3127,4.728,-42.584,-16.764,3.7104,0.022396,0.96106,2.0481,0.79825,-0.87971,0.97425,-0.85492,-0.12737,3.1607,3.4153,25.82,23.147,8.3934,-1.3747,1.0129,-0.081401,-1.4639,0.087999,0.012394,-0.55081,2.0078,1.7714,0.25462
31.174,-11.134,-0.89777,-3.0905,0.2429,-0.84916,0.15287,-0.70986,-0.53559,-2.8028,-2.5765,-2.8797,-1.0432,-42.308,-16.036,4.0216,0.57034,1.1207,-0.045016,0.069652,-0.34423,-1.0465,-1.0205,-0.038423,0.76666,1.8364,26.272,23.165,8.3032,-1.4505,-0.30768,-0.52551,-0.14961,-0.55807,-0.33812,0.50403,0.89357,0.93743,1.0698
31.284,-10.621,-0.28679,-3.4251,1.1245,-1.2084,0.71296,2.2553,3.3256,-0.84385,-0.33159,-3.7039,-1.2249,-41.905,-15.785,3.5981,0.70562,1.1083,-0.20575,1.7318,1.3063,-1.5496,-1.8286,-1.43,-0.44664,2.479,26.12,22.752,8.2456,-1.2449,-0.45568,0.31175,0.75602,-1.6407,-1.5674,0.059768,0.69097,1.9545,2.9257
31.114,-10.912,0.54293,-1.1534,0.27727,-0.29197,2.4697,1.2222,0.31193,3.082,1.4072,1.4278,2.2917,-42.026,-15.286,4.8794,-0.13283,0.43069,1.0962,0.75707,-1.0789,0.92992,0.54765,-0.82711,0.44224,0.86391,26.741,23.453,7.5763,-2.2244,0.61452,0.16319,-1.0875,0.086424,0.81326,-0.87852,-0.052703,0.84551,0.42167
30.675,-11.13,0.95704,-0.96533,0.016764,0.62393,0.88655,-2.7675,-1.8856,-2.6882,-3.0613,-0.82626,2.0113,-41.805,-14.859,5.0825,-0.47014,0.79463,0.4349,-1.6957,-1.3861,0.039641,-0.58786,0.93099,2.5363,2.8376,26.946,23.444,7.1944,-2.144,0.45252,-1.2452,-0.91048,0.86768,0.3991,0.44568,1.5621,0.95328,0.30127
30.471,-11.008,0.27504,-1.6566,0.62565,-2.1153,0.29634,-2.7993,-3.8597,-3.5455,1.784,-0.61492,-0.97267,-41.479,-15.098,4.6759,0.17531,-0.22938,-0.16466,-0.34199,-2.078,-0.37307,2.8219,1.4653,-1.3784,-0.35775,26.381,23.077,7.6366,-2.4526,-0.16998,-0.056306,-0.95668,-0.015542,2.4499,0.91917,-2.1001,-0.91151,1.0206
29.828,-11.44,-0.019076,-3.8277,-2.6781,-5.3429,-2.0184,-2.3997,-0.66513,-2.5433,6.657,0.36861,-3.8081,-41.268,-14.923,3.8062,-1.3295,-0.75759,0.32984,1.4716,0.67663,-0.071777,3.6611,1.4559,-5.2325,-4.1767,26.345,22.537,6.797,-2.2819,0.82967,1.1146,0.1734,-0.77169,1.4922,0.76386,-4.4468,-2.8163,1.0558
29.683,-11.782,0.23128,-2.3154,-1.6743,-1.7028,4.9803,-0.95053,-1.7852,-2.5266,5.3222,0.40578,-2.7429,-41.465,-14.726,4.7332,-0.95278,0.30628,3.3273,0.37615,-3.3827,-0.78805,3.5537,1.4662,-4.0325,-3.1487,26.739,23.099,6.8867,-2.2134,2.14,0.034936,-3.355,-0.5821,3.4682,1.1271,-3.7931,-2.3074,0.88387
30.545,-12.046,-0.17828,-2.7554,-0.28319,-0.1492,2.5571,-4.1651,0.47208,-2.9721,-0.58113,4.7449,4.4042,-42.591,-15.362,4.6453,-0.052455,1.3031,1.4202,-2.0079,-1.0425,0.5965,-0.5266,3.8585,2.4927,-0.3407,27.229,23.618,7.6546,-1.6711,0.73631,-1.6555,-1.2314,1.3022,0.25797,1.631,1.5096,-2.0996,-2.8334
30.372,-11.815,1.4148,-3.064,-1.0934,-2.2484,0.26875,-3.5473,0.57118,0.34291,0.4009,1.4264,3.1437,-42.187,-14.478,4.3755,-1.2541,0.40779,0.68106,-0.64941,0.15122,1.9451,-0.085141,0.54173,1.3714,1.7173,27.708,23.281,6.6122,-1.9839,0.96757,-0.5286,-0.26492,1.2973,-0.11818,-0.70168,0.72828,0.58781,0.34594
30.483,-11.475,-0.64224,-5.607,0.82313,-3.5405,3.2561,-5.0714,-1.0543,0.62476,0.058071,1.2093,-0.31397,-41.959,-15.563,2.9341,0.73269,1.0332,1.2165,-0.76543,-2.1552,2.8481,0.55619,0.29228,-0.18602,-1.5233,26.396,22.446,8.1478,-0.95045,0.24191,-0.89932,-1.6859,1.8067,1.3557,-1.2779,-0.37111,-0.90778,-1.3373
30.391,-11.809,0.031422,-5.821,-0.03686,-1.0463,-0.67848,-3.3494,-0.1021,-0.44829,1.5516,-2.3651,-3.1747,-42.2,-15.18,2.994,-0.034141,2.3873,-0.32081,-1.1515,0.28819,1.4505,0.82683,-0.95839,-2.3631,-0.80961,27.02,22.597,7.5729,-0.30332,-0.14333,-1.7694,0.3045,1.301,0.26932,-1.2045,-1.595,0.074389,1.5535
30.757,-10.733,1.4708,-1.3425,0.87631,-0.25382,-1.1597,-3.5758,-1.5782,3.6249,4.9788,-0.1549,1.3603,-41.49,-14.643,4.6951,-0.29726,0.54433,-1.018,-1.661,-0.20922,3.6003,3.2785,-1.8899,-1.8093,1.5152,26.847,23.092,7.1729,-2.0754,-0.36037,-1.1027,0.40439,2.6307,1.7439,-2.7451,-2.5439,1.7025,3.3245
30.716,-11.291,-0.68219,-2.3764,1.9634,0.57907,1.8684,-0.73754,-0.32757,1.2066,3.0022,-0.42718,2.5796,-42.007,-15.699,4.4574,1.3228,1.4777,-0.047492,-0.6583,-1.098,0.97209,1.6649,-0.81691,-0.21126,3.0068,26.308,23.232,8.511,-1.4899,-0.68514,-1.068,-0.52524,0.8152,1.3814,-0.8945,-0.93807,1.9119,3.2181
30.716,-12.281,-0.13352,-3.7867,-0.9106,0.58904,-0.62815,-6.1223,-4.3283,-1.1647,3.3382,1.1081,-0.44726,-42.997,-15.425,4.2474,-0.38854,2.1879,0.14122,-3.3557,-1.8501,2.4788,3.8332,1.1364,-1.8927,-1.5554,27.573,23.622,7.518,-1.0297,0.26488,-2.7718,-0.99564,2.9172,2.8416,-0.67119,-2.863,-1.3459,0.33736
30.246,-11.374,0.65111,-1.3787,0.73168,0.17611,-2.6153,-4.424,1.0699,-1.1484,2.9133,0.88909,0.36794,-41.62,-14.797,4.9975,0.040282,0.7774,-1.6735,-2.3001,1.8426,1.6378,0.9217,1.0187,-1.2727,-0.52116,26.822,23.309,7.4189,-2.11,-0.85688,-1.5387,1.758,1.9689,-0.46043,-0.30956,-1.0972,-0.76994,0.7515
30.645,-11.017,1.2949,0.96332,4.5057,1.018,0.83455,-2.0765,1.4258,-0.513,1.4408,-0.65501,-0.59384,-41.662,-14.675,5.99,1.6054,0.027361,-1.8356,-1.5473,0.29563,0.78175,0.0075079,-0.071009,-1.0173,0.061175,26.987,23.826,8.1402,-2.9813,-1.7205,-0.78732,1.0656,1.1645,-0.14406,-0.42638,-0.51242,0.066092,1.0785
30.792,-11.701,0.60812,-4.9136,-0.13227,-2.0139,-0.016516,-1.8961,-0.86296,-0.74616,-3.1989,-3.6172,-3.3842,-42.493,-15.092,3.3935,-0.3702,1.4499,0.057876,0.058855,-0.42322,0.575,-1.1679,-1.4355,-0.09268,0.23299,27.401,22.943,7.361,-0.97178,0.21404,-0.69551,-0.24055,0.25807,-0.37236,-1.0053,0.53763,0.83426,0.32567
30.91,-11.775,0.49208,-3.4463,2.6301,-0.48352,2.2224,1.0979,-1.4953,-0.41104,-1.6794,-2.0768,-2.7023,-42.685,-15.209,4.1642,1.069,1.4814,-0.20385,0.79071,-1.8588,-0.75447,-0.092045,-0.8329,-0.51147,-0.62547,27.476,23.425,8.1391,-1.3414,-0.63643,-0.34535,-0.8275,-0.77259,0.8834,-0.039216,-0.20971,0.10372,-0.114
29.844,-13.102,1.0128,-0.99194,4.0856,1.482,2.887,-2.5466,-5.8514,-3.1306,-3.0147,1.0529,0.8771,-42.945,-14.415,6.0548,1.5364,1.237,-0.59926,-2.0143,-4.3692,-0.292,1.4184,2.0918,1.9459,-0.17581,28.53,24.5,7.9759,-2.4089,-1.0678,-1.6256,-1.885,0.86114,2.8938,1.1919,0.26377,-1.1338,-2.1217
30.642,-12.368,-0.29835,-4.119,1.3159,-1.2977,-0.073861,-6.5145,-4.6118,-4.9016,0.61398,1.5994,-0.39659,-43.009,-15.47,4.1243,0.80715,1.4106,-0.6949,-2.6084,-2.269,0.80647,2.6129,3.2505,-0.50529,-1.996,27.539,23.567,8.1386,-1.3568,-0.75103,-2.0095,-0.78703,1.7074,2.4409,1.222,-1.5591,-2.6232,-1.4907
30.931,-10.692,-0.51815,-3.3532,0.20374,-1.4735,-0.017312,-3.5322,-1.7607,-1.1183,-1.1528,-2.4284,-2.0802,-41.622,-15.724,3.6692,0.36094,0.93985,-0.11052,-1.0293,-0.87168,1.2069,0.30393,-0.65506,-0.46369,0.34827,25.898,22.646,8.0426,-1.3647,-0.23573,-0.98459,-0.38058,1.1181,0.5878,-0.93099,-0.38381,0.50167,0.81196
