NaN,NaN,NaN,NaN,NaN,NaN,NaN,NaN,NaN,NaN,NaN,NaN,NaN,NaN,NaN,NaN,NaN,NaN,NaN,NaN,NaN,NaN,NaN,NaN,NaN,NaN,NaN,NaN,NaN,NaN,NaN,NaN,NaN,NaN,NaN,NaN,NaN,NaN,NaN
NaN,NaN,NaN,NaN,NaN,NaN,NaN,NaN,NaN,NaN,NaN,NaN,NaN,NaN,NaN,NaN,NaN,NaN,NaN,NaN,NaN,NaN,NaN,NaN,NaN,NaN,NaN,NaN,NaN,NaN,NaN,NaN,NaN,NaN,NaN,NaN,NaN,NaN,NaN
NaN,NaN,NaN,NaN,NaN,NaN,NaN,NaN,NaN,NaN,NaN,NaN,NaN,NaN,NaN,NaN,NaN,NaN,NaN,NaN,NaN,NaN,NaN,NaN,NaN,NaN,NaN,NaN,NaN,NaN,NaN,NaN,NaN,NaN,NaN,NaN,NaN,NaN,NaN
NaN,NaN,NaN,NaN,NaN,NaN,NaN,NaN,NaN,NaN,NaN,NaN,NaN,NaN,NaN,NaN,NaN,NaN,NaN,NaN,NaN,NaN,NaN,NaN,NaN,NaN,NaN,NaN,NaN,NaN,NaN,NaN,NaN,NaN,NaN,NaN,NaN,NaN,NaN
NaN,NaN,NaN,NaN,NaN,NaN,NaN,NaN,NaN,NaN,NaN,NaN,NaN,NaN,NaN,NaN,NaN,NaN,NaN,NaN,NaN,NaN,NaN,NaN,NaN,NaN,NaN,NaN,NaN,NaN,NaN,NaN,NaN,NaN,NaN,NaN,NaN,NaN,NaN
NaN,NaN,NaN,NaN,NaN,NaN,NaN,NaN,NaN,NaN,NaN,NaN,NaN,NaN,NaN,NaN,NaN,NaN,NaN,NaN,NaN,NaN,NaN,NaN,NaN,NaN,NaN,NaN,NaN,NaN,NaN,NaN,NaN,NaN,NaN,NaN,NaN,NaN,NaN
NaN,NaN,NaN,NaN,NaN,NaN,NaN,NaN,NaN,NaN,NaN,NaN,NaN,NaN,NaN,NaN,NaN,NaN,NaN,NaN,NaN,NaN,NaN,NaN,NaN,NaN,NaN,NaN,NaN,NaN,NaN,NaN,NaN,NaN,NaN,NaN,NaN,NaN,NaN
NaN,NaN,NaN,NaN,NaN,NaN,NaN,NaN,NaN,NaN,NaN,NaN,NaN,NaN,NaN,NaN,NaN,NaN,NaN,NaN,NaN,NaN,NaN,NaN,NaN,NaN,NaN,NaN,NaN,NaN,NaN,NaN,NaN,NaN,NaN,NaN,NaN,NaN,NaN
NaN,NaN,NaN,NaN,NaN,NaN,NaN,NaN,NaN,NaN,NaN,NaN,NaN,NaN,NaN,NaN,NaN,NaN,NaN,NaN,NaN,NaN,NaN,NaN,NaN,NaN,NaN,NaN,NaN,NaN,NaN,NaN,NaN,NaN,NaN,NaN,NaN,NaN,NaN
NaN,NaN,NaN,NaN,NaN,NaN,NaN,NaN,NaN,NaN,NaN,NaN,NaN,NaN,NaN,NaN,NaN,NaN,NaN,NaN,NaN,NaN,NaN,NaN,NaN,NaN,NaN,NaN,NaN,NaN,NaN,NaN,NaN,NaN,NaN,NaN,NaN,NaN,NaN
NaN,NaN,NaN,NaN,NaN,NaN,NaN,NaN,NaN,NaN,NaN,NaN,NaN,NaN,NaN,NaN,NaN,NaN,NaN,NaN,NaN,NaN,NaN,NaN,NaN,NaN,NaN,NaN,NaN,NaN,NaN,NaN,NaN,NaN,NaN,NaN,NaN,NaN,NaN
NaN,NaN,NaN,NaN,NaN,NaN,NaN,NaN,NaN,NaN,NaN,NaN,NaN,NaN,NaN,NaN,NaN,NaN,NaN,NaN,NaN,NaN,NaN,NaN,NaN,NaN,NaN,NaN,NaN,NaN,NaN,NaN,NaN,NaN,NaN,NaN,NaN,NaN,NaN
NaN,NaN,NaN,NaN,NaN,NaN,NaN,NaN,NaN,NaN,NaN,NaN,NaN,NaN,NaN,NaN,NaN,NaN,NaN,NaN,NaN,NaN,NaN,NaN,NaN,NaN,NaN,NaN,NaN,NaN,NaN,NaN,NaN,NaN,NaN,NaN,NaN,NaN,NaN
NaN,NaN,NaN,NaN,NaN,NaN,NaN,NaN,NaN,NaN,NaN,NaN,NaN,NaN,NaN,NaN,NaN,NaN,NaN,NaN,NaN,NaN,NaN,NaN,NaN,NaN,NaN,NaN,NaN,NaN,NaN,NaN,NaN,NaN,NaN,NaN,NaN,NaN,NaN
NaN,NaN,NaN,NaN,NaN,NaN,NaN,NaN,NaN,NaN,NaN,NaN,NaN,NaN,NaN,NaN,NaN,NaN,NaN,NaN,NaN,NaN,NaN,NaN,NaN,NaN,NaN,NaN,NaN,NaN,NaN,NaN,NaN,NaN,NaN,NaN,NaN,NaN,NaN
NaN,NaN,NaN,NaN,NaN,NaN,NaN,NaN,NaN,NaN,NaN,NaN,NaN,NaN,NaN,NaN,NaN,NaN,NaN,NaN,NaN,NaN,NaN,NaN,NaN,NaN,NaN,NaN,NaN,NaN,NaN,NaN,NaN,NaN,NaN,NaN,NaN,NaN,NaN
NaN,NaN,NaN,NaN,NaN,NaN,NaN,NaN,NaN,NaN,NaN,NaN,NaN,NaN,NaN,NaN,NaN,NaN,NaN,NaN,NaN,NaN,NaN,NaN,NaN,NaN,NaN,NaN,NaN,NaN,NaN,NaN,NaN,NaN,NaN,NaN,NaN,NaN,NaN
NaN,NaN,NaN,NaN,NaN,NaN,NaN,NaN,NaN,NaN,NaN,NaN,NaN,NaN,NaN,NaN,NaN,NaN,NaN,NaN,NaN,NaN,NaN,NaN,NaN,NaN,NaN,NaN,NaN,NaN,NaN,NaN,NaN,NaN,NaN,NaN,NaN,NaN,NaN
NaN,NaN,NaN,NaN,NaN,NaN,NaN,NaN,NaN,NaN,NaN,NaN,NaN,NaN,NaN,NaN,NaN,NaN,NaN,NaN,NaN,NaN,NaN,NaN,NaN,NaN,NaN,NaN,NaN,NaN,NaN,NaN,NaN,NaN,NaN,NaN,NaN,NaN,NaN
NaN,NaN,NaN,NaN,NaN,NaN,NaN,NaN,NaN,NaN,NaN,NaN,NaN,NaN,NaN,NaN,NaN,NaN,NaN,NaN,NaN,NaN,NaN,NaN,NaN,NaN,NaN,NaN,NaN,NaN,NaN,NaN,NaN,NaN,NaN,NaN,NaN,NaN,NaN
NaN,NaN,NaN,NaN,NaN,NaN,NaN,NaN,NaN,NaN,NaN,NaN,NaN,NaN,NaN,NaN,NaN,NaN,NaN,NaN,NaN,NaN,NaN,NaN,NaN,NaN,NaN,NaN,NaN,NaN,NaN,NaN,NaN,NaN,NaN,NaN,NaN,NaN,NaN
NaN,NaN,NaN,NaN,NaN,NaN,NaN,NaN,NaN,NaN,NaN,NaN,NaN,NaN,NaN,NaN,NaN,NaN,NaN,NaN,NaN,NaN,NaN,NaN,NaN,NaN,NaN,NaN,NaN,NaN,NaN,NaN,NaN,NaN,NaN,NaN,NaN,NaN,NaN
NaN,NaN,NaN,NaN,NaN,NaN,NaN,NaN,NaN,NaN,NaN,NaN,NaN,NaN,NaN,NaN,NaN,NaN,NaN,NaN,NaN,NaN,NaN,NaN,NaN,NaN,NaN,NaN,NaN,NaN,NaN,NaN,NaN,NaN,NaN,NaN,NaN,NaN,NaN
NaN,NaN,NaN,NaN,NaN,NaN,NaN,NaN,NaN,NaN,NaN,NaN,NaN,NaN,NaN,NaN,NaN,NaN,NaN,NaN,NaN,NaN,NaN,NaN,NaN,NaN,NaN,NaN,NaN,NaN,NaN,NaN,NaN,NaN,NaN,NaN,NaN,NaN,NaN
NaN,NaN,NaN,NaN,NaN,NaN,NaN,NaN,NaN,NaN,NaN,NaN,NaN,NaN,NaN,NaN,NaN,NaN,NaN,NaN,NaN,NaN,NaN,NaN,NaN,NaN,NaN,NaN,NaN,NaN,NaN,NaN,NaN,NaN,NaN,NaN,NaN,NaN,NaN
NaN,NaN,NaN,NaN,NaN,NaN,NaN,NaN,NaN,NaN,NaN,NaN,NaN,NaN,NaN,NaN,NaN,NaN,NaN,NaN,NaN,NaN,NaN,NaN,NaN,NaN,NaN,NaN,NaN,NaN,NaN,NaN,NaN,NaN,NaN,NaN,NaN,NaN,NaN
NaN,NaN,NaN,NaN,NaN,NaN,NaN,NaN,NaN,NaN,NaN,NaN,NaN,NaN,NaN,NaN,NaN,NaN,NaN,NaN,NaN,NaN,NaN,NaN,NaN,NaN,NaN,NaN,NaN,NaN,NaN,NaN,NaN,NaN,NaN,NaN,NaN,NaN,NaN
29.566,-7.1356,-0.045182,-1.8942,0.30693,-0.38801,-0.21791,0.022135,0.23399,-0.63083,-0.32503,-0.59309,0.12897,-36.701,-14.806,2.6207,0.17606,0.75307,-0.26242,0.20507,0.22595,-0.32648,-0.27951,0.018873,0.227,0.72206,21.896,19.661,7.4908,-0.93383,-0.21924,-0.274,0.24419,-0.26578,-0.25273,0.17268,0.25326,0.35159,0.49506
42.947,-7.2187,-0.18354,-2.0868,0.091774,-0.63373,-0.50555,-0.24506,-0.064984,-0.93176,-0.38424,-0.32826,0.70813,-50.166,-21.565,2.566,0.13766,0.72654,-0.29866,0.19433,0.22028,-0.34335,-0.15963,0.30175,0.54619,1.0364,28.6,26.366,10.851,-0.91971,-0.21816,-0.2661,0.25947,-0.26884,-0.18996,0.32255,0.35291,0.36732,0.49021
40.793,-7.3151,-0.27019,-2.2793,0.081891,-0.64519,-0.25054,-0.28689,-0.10335,-1.2161,-0.5325,-0.40657,1.0667,-48.108,-20.531,2.5179,0.17604,0.81707,-0.16622,0.17915,0.073598,-0.46458,-0.21458,0.40475,0.79962,1.4733,27.576,25.313,10.354,-0.85042,-0.17113,-0.31896,0.11991,-0.32187,-0.14409,0.43466,0.5071,0.53428,0.67369
32.804,-10.748,-3.8817,-4.0855,2.6746,1.422,4.1085,2.7197,0.89349,-0.64544,3.973,2.5513,2.9133,-43.552,-18.343,3.3311,3.2782,2.7537,0.71698,0.64885,-1.6075,-1.6826,1.5398,1.5984,-0.52986,0.36202,25.209,23.441,10.811,-0.2887,-1.2806,-1.0524,-1.1623,-1.1657,1.5736,1.6405,-1.0348,-0.61817,0.89188
32.704,-10.24,-3.9198,-4.7622,4.8319,3.1139,3.9267,0.67663,0.44066,-1.3847,0.16299,1.7175,2.4888,-42.944,-18.312,2.739,4.3759,3.9381,-0.45261,-1.2187,-1.743,-1.0307,-0.13884,1.5511,1.1629,0.7713,24.632,22.842,11.344,0.59951,-2.4142,-2.5784,-0.6452,0.093991,0.80209,1.2909,0.65086,-0.3899,-0.39159
32.284,-11.129,-5.0173,-5.969,2.099,3.4514,2.4109,-4.4279,-1.3036,-3.997,-1.7581,-0.065461,-0.70728,-43.413,-18.651,2.58,3.5581,4.7102,0.15598,-3.9396,-1.8573,0.21542,-0.22726,1.9658,0.5254,-0.64182,24.762,22.997,11.104,1.0651,-1.7011,-4.3249,-1.0066,2.0775,0.815,0.87518,0.37633,-1.3038,-1.1672
33.855,-10.277,-4.3497,-4.1157,2.0998,-0.0071624,0.45414,-4.1948,-1.6192,-0.0076642,1.2555,-4.2975,-0.29619,-44.132,-19.102,3.0807,3.2248,2.0543,-0.82284,-2.0938,-1.0367,2.0936,1.4374,-2.1449,-0.77584,4.0013,25.03,23.606,11.164,-0.51322,-2.0238,-2.074,-0.10692,2.0937,1.237,-2.1193,-1.1066,3.0731,4.7772
33.189,-10.327,-3.6456,-4.2881,1.8466,-0.78906,1.0124,-0.27328,-3.5141,-3.3322,1.9392,-3.2881,3.8034,-43.516,-18.417,3.0192,2.7461,1.7495,-0.41709,0.25789,-2.2633,-1.5295,2.7267,0.02206,0.93207,7.0915,25.098,23.267,10.582,-0.63483,-1.5816,-0.74582,-0.92308,-0.89369,2.495,0.77577,-0.8973,3.5347,6.1594
32.394,-11.064,-3.7788,-8.4831,3.4859,4.0976,0.59942,-6.8374,-4.8477,-1.1562,1.0295,-3.5991,0.85881,-43.458,-18.086,1.2905,3.6323,6.2904,-1.4432,-5.4675,-2.7236,2.8406,2.9386,-1.2214,-0.085366,4.4579,25.372,22.374,10.859,2.4999,-2.5378,-5.8789,-0.64018,4.1541,2.8311,-2.031,-1.512,2.8397,4.5432
32.141,-10.349,-3.8247,-3.8797,2.551,1.5454,0.10662,-5.8592,-2.0533,2.8299,2.0578,0.2455,1.5724,-42.49,-17.983,3.2347,3.1879,2.7126,-1.2222,-3.7023,-1.08,4.3446,2.0555,-1.2922,-0.24269,1.3269,24.507,22.863,10.585,-0.26106,-2.205,-3.2074,0.071114,4.0235,1.5677,-2.8184,-1.1491,1.3095,1.5696
32.732,-10.646,-3.7966,-2.1018,7.6118,2.0478,-6.2867,-1.9524,6.1267,2.0902,-1.0951,-1.8045,3.6613,-43.378,-18.264,4.2723,5.7042,2.0748,-6.9492,-2.0001,6.2067,2.0213,-3.6109,-1.9474,2.3782,5.4657,25.114,23.825,11.984,-1.0988,-6.3267,-2.0375,6.578,2.0107,-4.9088,-1.9843,2.9945,3.7065,3.0876
37.182,-11.9,-10.449,-2.4933,9.7638,7.5809,-17.823,-0.95504,15.462,-6.6709,-0.99207,-3.4402,5.1554,-49.082,-23.815,4.7034,10.106,5.0371,-13.793,-4.268,16.642,-2.8579,-8.227,1.6154,3.0738,8.5956,25.267,26.893,16.961,0.16687,-11.95,-4.6525,15.218,0.70502,-12.435,2.2367,5.6504,3.4901,5.5219
41.034,-13.816,-12.02,1.3927,11.462,5.5807,-22.198,11.659,8.1336,-7.1421,0.33477,-6.305,-0.1384,-54.849,-26.527,7.6042,11.741,2.094,-16.83,3.0391,15.166,-9.4005,-3.8994,0.41854,-0.23659,6.1666,28.323,31.227,19.134,-2.7551,-14.285,0.47257,15.998,-6.2198,-9.5325,4.9095,1.8314,2.874,6.4032
42.546,-17.215,-15.304,-0.21977,11.168,6.2274,-28.522,16.514,8.7335,-6.8535,3.9687,-8.7702,0.57064,-59.762,-28.925,8.4978,13.236,3.2236,-19.845,5.1433,18.628,-11.684,-2.3824,-0.95836,-1.699,9.3409,30.836,34.13,21.08,-2.6371,-16.54,0.95984,19.237,-8.4135,-10.505,5.3627,0.34169,5.1496,11.04
42.454,-17.934,-14.668,-1.1172,14.638,8.8712,-36.411,11.618,9.8969,-10.714,5.8811,-6.2796,7.799,-60.388,-28.561,8.4084,14.653,4.9942,-25.525,1.3736,23.154,-11.166,-2.0079,2.217,0.95899,14.079,31.827,34.398,21.607,-1.7071,-20.089,-1.8103,24.339,-6.2698,-12.581,6.6915,1.4834,5.9308,13.12
43.231,-18.675,-15.136,-2.0563,15.269,8.3195,-38.838,11.372,7.7298,-15.84,3.7509,-6.8341,8.9054,-61.906,-29.183,8.3095,15.202,5.1879,-27.053,1.5265,23.284,-13.606,-1.9894,4.5028,2.5773,15.74,32.723,35.108,22.193,-1.5608,-21.128,-1.8307,25.168,-7.5663,-12.637,9.0544,2.2833,5.6184,13.162
44.464,-18.013,-15.879,-2.5719,15.643,7.6673,-37.255,14.439,9.2263,-11.241,8.9423,-4.5791,8.225,-62.477,-30.172,7.7204,15.761,5.1196,-26.449,3.3861,23.241,-12.84,-0.14204,3.3311,-0.35865,12.804,32.305,35.099,22.966,-1.3004,-21.105,-0.86675,24.845,-8.1133,-11.691,8.0858,-0.10831,4.7365,13.163
43.691,-17.634,-14.76,0.03844,13.202,3.7739,-32.678,20.53,10.072,-11.35,3.0758,-6.4357,10.289,-61.324,-29.225,8.8361,13.981,1.8677,-22.94,8.3781,21.375,-15.94,-3.4979,2.4571,3.6065,16.725,32.099,35.08,21.603,-3.4842,-18.461,3.2552,22.158,-12.159,-12.436,9.1985,3.5522,7.1337,13.118
42.738,-16.296,-13.83,0.9915,16.416,3.154,-33.793,21.077,7.2243,-14.173,4.8488,-7.1523,10.074,-59.034,-28.284,8.6437,15.123,1.0813,-25.104,8.9614,20.509,-17.625,-1.1877,3.5102,2.6125,17.226,30.75,33.839,21.704,-3.7812,-20.114,3.9401,22.806,-13.293,-10.848,10.568,1.9001,6.858,14.614
41.252,-13.731,-14.629,-1.8768,10.635,0.10016,-32.582,14.093,9.9754,-10.316,1.0039,-2.8588,8.5443,-54.983,-27.94,5.927,12.632,0.9885,-21.609,6.9966,21.279,-12.205,-4.4858,3.7285,3.7702,11.403,27.042,30.455,20.286,-2.4692,-17.12,3.004,21.444,-9.6006,-12.882,7.9665,4.128,3.8373,7.633
38.771,-11.653,-12.512,-3.9548,6.9885,1.5162,-26.672,5.9136,14.108,-9.1904,-6.0051,1.9216,10.396,-50.424,-25.641,3.849,9.75,2.7355,-16.83,2.1987,20.39,-7.552,-10.057,5.556,8.2004,8.4741,24.782,27.136,17.696,-0.55672,-13.29,-0.26841,18.61,-4.8754,-15.223,6.554,9.1285,1.4591,0.27372
34.774,-11.679,-7.7906,-3.3592,7.4218,2.4736,-9.745,8.1899,13.631,-8.8463,-7.7101,0.56623,11.536,-46.453,-21.282,4.16,7.6062,2.9164,-8.5834,2.8581,11.688,-8.5181,-10.671,4.7063,9.6228,10.969,25.171,25.306,14.444,-0.62178,-8.0948,-0.029146,10.136,-5.6881,-11.179,6.6122,10.147,3.1315,1.3465
32.901,-11.42,-3.3905,-2.34,3.1283,2.3411,-1.1814,2.2998,1.407,1.6244,0.85362,-2.9316,-1.3739,-44.321,-18.146,4.5399,3.2594,2.3405,-2.1548,-0.020637,1.2942,-0.33772,-0.27671,-2.278,-1.1137,1.5577,26.175,24.43,10.703,-1.0997,-2.7071,-1.1806,1.7245,-0.15854,-0.78545,-0.97014,-0.41852,1.9179,2.6715
33.313,-11.943,-1.5246,-1.8735,0.55452,2.9259,1.5241,1.3061,-1.6766,-1.7517,2.0407,-0.11488,-2.3288,-45.255,-17.419,5.0347,1.0396,2.3997,0.4848,-0.80992,-1.6004,-1.5289,1.8587,0.8184,-2.1847,-2.2139,27.837,25.145,9.2291,-1.3175,-0.27738,-1.6048,-1.0426,-0.35949,1.7295,1.1736,-2.0217,-1.5162,-0.029162
32.937,-10.802,-1.3234,-3.6354,1.6283,1.201,1.1467,-1.8475,-0.4955,5.3504,0.68283,-0.69488,-0.41632,-43.739,-17.13,3.5834,1.4758,2.4182,-0.24084,-1.5242,-0.82107,3.5989,0.58916,-3.0226,-0.54957,0.27856,26.609,23.661,9.3031,-0.5826,-0.85834,-1.9712,-0.29012,2.5616,0.70512,-3.3108,-0.56937,1.6506,0.82813
39.223,-4.7985,-2.0978,-0.8617,0.84793,-2.0881,-1.0969,-1.5557,1.3616,-0.10882,-0.8772,-0.74516,0.42571,-44.022,-20.661,1.9684,1.4729,-0.61321,-0.97241,0.26622,1.2292,0.72343,-1.1194,-0.31817,0.65145,1.1709,23.361,22.995,11.067,-1.2908,-1.2226,0.43971,1.1008,0.22861,-1.1743,-0.5208,0.88542,0.74451,0.51941
37.038,-5.8665,-1.2115,-1.6277,0.99211,-1.7102,-1.4682,-1.3717,1.0846,0.23107,-0.1697,-0.45706,0.49658,-42.905,-19.125,2.1194,1.1018,-0.041272,-1.2301,0.16929,1.2764,0.80136,-0.62717,-0.34406,0.33314,0.95365,23.78,22.512,10.113,-1.0804,-1.166,0.10528,1.2533,0.31604,-0.95179,-0.57271,0.48015,0.64886,0.62051
31.378,-11.175,-1.272,-3.6938,0.76954,1.4345,3.8434,-2.5736,-2.9402,-1.8659,-0.42443,0.79128,-1.3447,-42.553,-16.325,3.7408,1.0208,2.5642,1.5369,-2.0041,-3.3918,0.35387,1.2579,1.3286,-0.46016,-2.136,26.228,23.147,8.6728,-0.58831,0.25807,-2.2841,-2.4643,1.179,2.3248,0.48736,-0.85901,-1.7323,-1.6759
32.489,-11.291,-3.3637,-3.255,0.67394,-0.45689,1.0046,-1.7924,-1.5765,1.1556,1.3795,-0.4641,-0.58157,-43.78,-17.926,4.0181,2.0188,1.399,0.16535,-0.66777,-1.2906,1.474,1.478,-0.80987,-0.98051,-0.11747,25.854,23.899,9.9725,-1.3095,-0.92673,-1.0334,-0.72796,1.0709,1.3843,-1.142,-1.2292,0.3462,0.86304
33.982,-10.66,-3.3642,-2.0889,1.7296,2.2617,0.24844,0.13418,-2.8176,-0.88834,-1.1527,-5.7017,-4.9009,-44.642,-18.673,4.2856,2.5469,2.1753,-0.74059,-1.0638,-1.533,-0.51126,0.83246,-2.4067,-1.8741,0.80081,25.969,24.464,10.61,-1.0552,-1.6437,-1.6195,-0.39621,0.27625,1.1827,-0.94772,-1.3533,1.6038,2.6749
32.145,-11.391,-0.079688,-1.6962,1.3683,-1.1748,1.0484,1.6798,-0.86771,-2.0457,-0.40592,-3.2909,0.69312,-43.536,-16.112,4.8473,0.72402,0.26072,-0.15999,1.4273,-0.95804,-1.8627,0.2309,-0.62262,0.54952,3.984,27.423,24.191,8.4181,-2.2933,-0.44201,0.58328,-0.39902,-1.645,0.59447,0.62005,0.15931,2.3033,3.4345
31.669,-11.622,-1.0733,-2.8159,1.9886,0.38771,1.618,0.86279,5.1043,1.132,0.09711,-2.7294,-2.3781,-43.291,-16.371,4.4031,1.531,1.6018,-0.1853,0.23754,1.7431,0.13461,-2.5036,-1.9307,-1.2376,0.35128,26.92,23.847,8.951,-1.4006,-0.85813,-0.68213,0.96421,-0.051465,-2.1233,-1.0327,0.63297,1.141,1.5889
32.075,-11.093,-0.61944,-3.0806,2.6296,-1.2777,0.94257,-1.572,1.3776,-2.6035,-1.8874,-0.10799,0.69182,-43.168,-16.347,4.0061,1.6245,0.90143,-0.84349,-0.14712,0.21754,-0.51578,-1.6325,1.2478,1.2896,0.79982,26.82,23.587,8.9858,-1.5523,-1.234,-0.52428,0.53052,-0.18433,-0.92502,0.88177,1.4611,-0.22397,-0.48978
34.892,-12.222,-6.2511,-1.3331,9.4201,1.6051,-13.634,0.93849,11.892,-7.2688,-2.201,-2.0883,4.2404,-47.114,-20.571,5.4447,7.8356,1.4691,-11.527,-0.33329,12.763,-4.1037,-7.0463,2.5903,3.2207,6.3287,26.543,26.279,14.203,-1.9878,-9.6813,-0.90119,12.145,-1.8852,-9.9045,3.347,5.1335,1.8692,3.108
41.324,-13.657,-13.865,-0.48721,4.6608,7.0105,-15.086,0.5829,10.583,-7.3743,3.515,2.4514,5.036,-54.981,-27.595,6.5848,9.2629,3.7489,-9.8735,-3.2138,12.835,-3.9786,-3.5339,4.9128,0.76051,2.5846,27.386,30.783,18.429,-1.418,-9.5682,-3.4813,11.354,-0.3824,-8.1842,4.4457,2.1472,-1.1641,1.8241
43.851,-15.671,-15.033,0.14609,6.1408,7.7015,-19.796,6.7689,5.0649,-10.463,2.2394,-3.3771,1.2405,-59.522,-29.442,7.9085,10.587,3.7777,-12.968,-0.46629,12.43,-8.6159,-1.4128,3.5429,-0.49948,4.6176,30.08,33.715,20.014,-2.0654,-11.777,-2.122,12.699,-4.0748,-6.9215,6.0794,0.45664,0.53732,5.117
44.17,-17.393,-14.022,0.3083,9.6934,6.6913,-28.455,10.559,9.4963,-13.893,4.0507,-9.3394,4.264,-61.563,-29.096,8.8504,11.857,3.1915,-19.074,1.9337,18.976,-12.226,-2.7228,2.277,0.10664,13.603,32.467,35.206,20.477,-2.8295,-15.466,-0.62891,19.025,-7.0799,-10.849,7.2515,1.4147,5.6632,13.497
44.762,-17.556,-13.713,-0.022593,12.593,8.0046,-30.467,10.074,10.11,-14.241,4.061,-10.462,5.624,-62.318,-29.237,8.7669,13.153,4.0136,-21.53,1.0349,20.288,-12.158,-3.0244,1.8895,0.78148,16.086,33.081,35.543,21.195,-2.3767,-17.342,-1.4894,20.909,-6.5963,-11.656,7.0237,1.9029,7.0983,15.305
44.548,-18.41,-13.787,0.75983,15.58,6.6533,-33.309,10.555,12.173,-14.796,7.2805,-10.297,9.8103,-62.958,-29.168,9.5852,14.683,2.9467,-24.444,1.9508,22.741,-12.675,-2.4465,2.2496,1.2649,20.107,33.791,36.272,21.925,-3.3192,-19.564,-0.498,23.593,-7.3131,-12.594,7.4625,1.8557,8.9287,18.842
44.822,-17.953,-14.064,0.79252,15.42,6.1696,-32.743,12.845,12.818,-14.203,7.817,-9.6783,10.517,-62.775,-29.443,9.3728,14.742,2.6886,-24.082,3.3375,22.781,-13.524,-2.5007,2.2625,1.3501,20.196,33.332,36.074,22.092,-3.3421,-19.412,0.32448,23.431,-8.4307,-12.641,7.8932,1.9254,8.9665,18.845
43.189,-17.618,-14.692,-1.3879,11.022,5.2861,-28.608,12.291,14.239,-11.076,6.5657,-6.8474,10.825,-60.807,-28.94,8.115,12.857,3.337,-19.815,3.5026,21.423,-11.684,-3.8365,2.1142,2.1295,17.672,31.866,34.461,20.898,-2.389,-16.336,0.08284,20.619,-7.5931,-12.63,6.8989,2.983,7.7789,15.542
41.893,-14.762,-15.916,-3.6668,11.183,7.7072,-28.31,6.556,12.574,-14.42,1.2925,-6.1733,8.5899,-56.656,-28.905,5.5479,13.55,5.687,-19.747,-0.57563,20.442,-10.488,-5.6409,4.1231,3.6487,14.763,27.751,31.102,21.227,0.069572,-16.648,-3.1313,20.094,-4.9561,-13.041,7.3055,4.6448,5.32,11.115
38.033,-13.651,-13.673,-1.8064,14.695,5.291,-24.974,4.2273,13.669,-12.894,-5.3596,-3.0889,9.6289,-51.684,-25.853,5.9225,14.184,3.5487,-19.835,-0.53185,19.322,-8.5607,-9.5142,4.9026,7.4942,12.718,25.831,28.803,20.018,-1.1869,-17.009,-2.0403,19.578,-4.0144,-14.418,6.7316,8.5042,3.9076,5.2236
34.301,-11.228,-9.0573,-2.744,9.2526,-1.478,-14.805,1.3151,14.872,-4.363,-8.2131,-1.1291,8.0408,-45.53,-21.679,4.2422,9.155,0.63298,-12.029,1.3965,14.838,-2.839,-11.542,1.617,8.1269,9.1699,23.85,24.886,15.417,-1.8046,-10.592,0.38178,13.433,-2.1178,-13.19,2.228,9.8347,3.7765,1.0429
31.524,-11.713,-0.90515,-0.33164,4.2928,-3.1847,-5.4005,1.4724,9.5361,0.76448,-0.4895,-1.2007,-1.5905,-43.237,-16.215,5.6907,2.599,-1.4265,-4.8467,2.3285,7.4683,-0.35396,-5.0128,-0.9826,-0.55049,-0.38976,27.023,24.464,9.4069,-3.5586,-3.7228,1.8775,6.1575,-1.3413,-6.2406,-0.31432,2.2312,0.29642,0.16073
30.727,-11.828,0.19174,-2.6138,0.038977,-1.448,-1.4326,-1.5357,1.7571,1.8105,4.5329,-1.6722,0.13729,-42.555,-15.268,4.6069,-0.076381,0.58293,-0.73581,-0.043896,1.5949,1.6731,1.3879,-1.7414,-2.1978,1.8095,27.287,23.581,7.5956,-2.012,-0.32972,-0.31341,1.1653,0.85852,-0.10349,-1.7073,-1.7928,1.7754,4.0073
30.864,-12.226,0.35237,-1.5943,0.73691,-4.1797,0.9878,3.0622,1.4536,-3.2527,0.38145,-3.1932,-3.7265,-43.09,-15.256,5.3157,0.19227,-1.2927,0.12545,3.6209,0.23292,-3.1575,-0.5361,0.029748,-2.054,-0.53321,27.834,24.203,7.7241,-3.3042,-0.033411,2.4568,0.053736,-3.3892,-0.38451,1.5936,-0.75893,-0.28148,1.5207
34.912,-13.189,-0.3704,-2.0899,-0.10329,-3.633,-2.289,-3.7984,-1.1506,0.26166,2.1069,0.8667,1.9102,-48.101,-17.641,5.5497,0.13356,-0.77155,-1.0929,-0.082727,0.56921,2.03,1.6287,0.30252,-0.09832,1.0436,30.46,26.825,8.8874,-3.1606,-0.61321,0.34441,0.83103,1.0564,0.52977,-0.86376,-0.86353,0.37052,1.1419
36.682,-13.3,-0.2296,-2.0082,-0.28633,-3.1093,-2.2795,-3.8554,0.043442,1.8839,2.4362,0.60405,1.2262,-49.983,-18.456,5.6461,-0.028365,-0.55053,-0.99658,-0.37303,1.1615,2.8696,1.1964,-0.63991,-0.60503,0.62214,31.527,27.814,9.2138,-3.0983,-0.48411,0.088751,1.079,1.6213,0.017466,-1.7548,-0.90071,0.63102,1.2272
31.707,-12.425,-1.2307,-2.6405,0.463,-1.6805,-1.3607,-3.3791,1.453,0.014955,3.1557,-0.68304,0.27936,-44.132,-16.469,4.8924,0.84686,0.47997,-0.91184,-0.84929,1.4068,1.697,0.85133,-0.349,-1.4382,0.9624,27.663,24.512,8.6577,-2.2062,-0.87935,-0.66463,1.1593,1.2732,-0.27776,-1.023,-1.1447,0.6557,2.4006
31.689,-11.106,0.28893,-4.6399,-1.2699,-2.9595,-0.44196,-3.159,3.6185,0.59381,0.66642,2.9805,-0.41701,-42.794,-15.7,3.2329,-0.77942,0.8402,0.41397,-0.099766,2.0302,1.8764,-1.476,1.1933,-0.54172,-3.3975,27.094,23.014,7.4602,-1.1963,0.59669,-0.46998,0.80813,0.98808,-1.7531,-0.34153,0.46717,-2.2954,-2.8558
31.486,-12.025,-1.5973,-4.4784,-0.9541,-3.0704,3.7976,3.586,3.5712,1.5727,-3.1499,0.2583,0.66546,-43.512,-16.542,3.7735,0.32161,0.70404,2.3759,3.3282,-0.11318,-1.0066,-3.3606,-0.65721,1.9077,0.40716,26.97,23.643,8.4318,-1.5347,1.0271,1.3121,-1.2445,-2.1674,-1.6237,0.17472,2.6341,0.53218,-1.5005
31.612,-11.864,-0.097738,-3.149,-0.85244,-0.1871,4.3387,-0.0049701,3.4879,-0.1676,-1.3008,-3.4844,-0.090881,-43.476,-15.855,4.3575,-0.37735,1.481,2.5956,0.091063,-0.42537,-0.081313,-2.3944,-1.6584,0.60496,3.3936,27.621,23.917,7.7389,-1.4382,1.4865,-0.69495,-1.5105,-0.086188,-0.9845,-0.78855,1.4997,2.526,2.7886
31.627,-11.916,-0.74558,-3.9088,0.40031,-3.7597,-0.41568,-3.1607,-2.7112,-2.5369,-1.5668,-2.4634,-1.4051,-43.542,-16.186,4.0034,0.57295,0.07457,-0.40799,0.2995,-1.1477,0.31188,0.57217,0.036762,0.080856,1.0583,27.356,23.773,8.3796,-1.9644,-0.49047,0.11246,-0.36988,0.0061903,0.85996,-0.13756,-0.24566,0.51077,0.97745
33.725,-11.056,-6.6225,-3.2572,5.8453,-1.8748,-11.809,-0.35098,5.1615,-4.2809,-4.6863,1.6728,4.4467,-44.781,-20.174,3.8993,6.2339,0.6912,-8.8271,0.76192,8.4852,-1.965,-4.9239,2.9769,4.5665,2.7739,24.607,24.34,13.204,-1.604,-7.5305,0.035358,8.6562,-1.3634,-6.7046,2.4709,4.7452,-0.10147,-1.7926
39.21,-13.783,-12.473,0.69333,4.8663,3.5942,-13.255,1.2768,9.1371,-6.997,1.2456,2.816,4.7692,-52.993,-25.842,7.2383,8.6698,1.4504,-9.0604,-1.1587,11.196,-4.1369,-3.9457,4.9065,1.7618,1.9532,27.151,30.116,17.256,-2.8939,-8.8651,-1.3046,10.128,-1.4891,-7.5708,4.5217,2.8538,-1.4767,0.19137
41.872,-12.814,-10.694,4.7595,9.5709,4.9926,-14.143,3.7382,8.8794,-11.605,-1.7084,-0.72015,-1.5471,-54.686,-26.283,8.7867,10.132,0.11653,-11.857,-0.62717,11.511,-7.6718,-5.2939,5.4427,0.080648,-0.82697,28.403,31.737,18.208,-4.3351,-10.994,-0.37185,11.684,-3.5223,-8.4024,6.5573,2.6873,-3.1348,-0.90761
43.574,-15.78,-11.943,4.2119,10.615,-0.25551,-25.285,13.594,10.687,-11.555,1.039,-3.031,3.7158,-59.354,-27.759,9.9958,11.279,-2.2337,-17.95,6.9245,17.986,-12.574,-4.8238,4.2619,1.3384,6.7467,31.595,34.675,19.519,-6.1148,-14.614,4.5791,17.968,-9.7494,-11.405,8.4181,3.0811,1.2424,5.4083
